product_name,price,unit,unit_price,image_name,integration_date,supermarket
4Dent Herbal fogkrém 125 ml,199,Ft/db,1l=1592Ft,4dent-herbal-fogkrem-125-ml-2005107297924.png,2021-10-21 18:12:49.882107,tesco
4Dent Whitening fogkrém 125 ml,199,Ft/db,1l=1592Ft,4dent-whitening-fogkrem-125-ml-2005107297962.jpg,2021-10-21 18:12:49.882716,tesco
4MAX Lemon folyékony súrolószer 750 ml,299,Ft/db,1l=398.67Ft,4max-lemon-folyekony-suroloszer-750-ml-2004020291664.jpg,2021-10-21 18:12:49.882716,tesco
4MAX Pine WC illatosító rúd 3 x 40 g,449,Ft/db,1kg=3741.67Ft,4max-pine-wc-illatosito-rud-3-x-40-g-2004020202003.jpg,2021-10-21 18:12:49.882716,tesco
4MAX szemeteszsák 35 l 40 db,319,Ft/db,1db=7.98Ft,4max-szemeteszsak-35-l-40-db-2005100501263.png,2021-10-21 18:12:49.882716,tesco
4MAX szemeteszsák 60 l 26 db,329,Ft/db,1db=12.65Ft,4max-szemeteszsak-60-l-26-db-2005100501258.png,2021-10-21 18:12:49.882716,tesco
8in1 kutyarágócsont,2159,Ft/cs,kg=25702Ft,8in1-kutya-kiegeszitore-jutalomfalatra-2004020322807-1-5k.png,2021-10-21 18:12:49.882716,tesco
Alföldünk Aranya ágyas pálinka,3349,Ft/db,1l=6698Ft,alfoldunk-aranya-agyas-palinka-2004020237876-1-5k.png,2021-10-21 18:12:49.882716,tesco
"Ambition Diamond müzlistál, Ambition Diamond bögre",1039,Ft/db,,ambition-diamond-muzlis-tal-2005100594555-1-5k.png,2021-10-21 18:12:49.882716,tesco
Angyalkás temetõi mécses,299,Ft/db,,angyalkas-temetoi-mecses-2005100392139-1-5k.png,2021-10-21 18:12:49.882716,tesco
Arany Ászok dobozos világos sör,239,Ft,1l=478Ft,arany-aszok-dobozos-vilagos-sor-2004002937928-1-5k.png,2021-10-21 18:12:49.882716,tesco
Aranynektár virágméz,1359,Ft,1kg=2718Ft,aranynektar-viragmez-2004002873172-1-5k.png,2021-10-21 18:12:49.882716,tesco
Arcfesték,319,Ft,,arcfestek-krem-feher-28-ml-2005100601580-1-5k.png,2021-10-21 18:12:49.882716,tesco
Ariel mosószer,3599,Ft,1l=934Ft,ariel-mososzer-70-2004020199907-1-5k.png,2021-10-21 18:12:49.882716,tesco
Artemis temetõi mécses,1499,Ft,,artemis-temetoi-mecses-2005100392144-1-5k.png,2021-10-21 18:12:49.882716,tesco
"Aura Midnight müzlistál, Aura Midnight lapostányér",559,Ft/db,,aura-midnight-muzlistal-2005100595488-1-5k.png,2021-10-21 18:12:49.882716,tesco
"Aura Oatmeal müzlistál, Aura Oatmeal lapostányér",559,Ft/db,,aura-oatmeal-muzlistal-2005100595480-1-5k.png,2021-10-21 18:12:49.882716,tesco
Avouré Almond tusfürdõ 1 l,599,Ft/db,1l=599Ft,avoure-almond-tusfurdo-1-l-2005107282272.jpg,2021-10-21 18:12:49.882716,tesco
Avouré Citrus tusfürdõ 1 l,599,Ft/db,1l=599Ft,avoure-citrus-tusfurdo-1-l-2005107281848.jpg,2021-10-21 18:12:49.882716,tesco
Avoure For Men Regural borotvazselé 200 ml,599,Ft/db,1l=2995Ft,avoure-for-men-regural-borotvazsele-200-ml-2005107282517.png,2021-10-21 18:12:49.882716,tesco
Avouré for Men Sensitive borotvazselé 200 ml,599,Ft/db,1l=2995Ft,avoure-for-men-sensitive-borotvazsele-200-ml-2005107282494.png,2021-10-21 18:12:49.882716,tesco
Avouré Ocean tusfürdõ 1 l,599,Ft/db,1l=599Ft,avoure-ocean-tusfurdo-1-l-2005107280339.jpg,2021-10-21 18:12:49.882716,tesco
Avouré Olive folyékony szappan 1 l,399,Ft/db,1l=399Ft,avoure-olive-folyekony-szappan-1-l-2005107280322.png,2021-10-21 18:12:49.882716,tesco
Avouré Olive tusfürdõ 1 l,599,Ft/db,1l=599Ft,avoure-olive-tusfurdo-1-l-2005107282227.jpg,2021-10-21 18:12:49.882716,tesco
Avouré Violet tusfürdõ 1 l,599,Ft/db,1l=599Ft,avoure-violet-tusfurdo-1-l-2005107282180.jpg,2021-10-21 18:12:49.882716,tesco
Axe tusfürdõ,879,Ft/db,1l=2198Ft,axe-tusfurdo-2004010494635-1-5k.png,2021-10-21 18:12:49.882716,tesco
Baba folyékony szappan utántöltõ,579,Ft,1l=1598Ft,baba-500ml-folyekony-szappan-utantoltokre-2004020206527-1-5k.png,2021-10-21 18:12:49.882716,tesco
Baba tusfürdõ,499,Ft/db,,,2021-10-21 18:12:49.882716,tesco
Baileys Apple Pie krémlikõr,6999,Ft,1l=9999Ft,baileys-apple-pie-0-7l-2004020323286-1-5k.png,2021-10-21 18:12:49.882716,tesco
Ballantine's whisky vagy Ballantine's Brasil,5399,Ft/db,1l=7713Ft,ballantine-s-whisky-0-7l-2004002797096-1-5k.png,2021-10-21 18:12:49.882716,tesco
Banán lédig,86,Ft/db,1kg=479Ft,banan-ledig-2004005406742.png,2021-10-21 18:12:49.882716,tesco
Barbie Fashionista barátnõk stílusos divatbaba,3099,Ft/db,,szamos-barbie-jatekra-2005118954267-1-5k.png,2021-10-21 18:12:49.882716,tesco
Barbie stúdió,8299,Ft/szett,,barbie-studio-2005100238848-1-5k.png,2021-10-21 18:12:49.882716,tesco
Basilur prémium filteres tea,649,Ft,1kg=12980Ft,basilur-premium-filteres-tea-2004020314502-1-5k.png,2021-10-21 18:12:49.898378,tesco
"Bella Cucina Prosecco D.O.C gyöngyözõ bor 10,5% 0,75 l",1499,Ft/db,1l=1998.67Ft,bella-cucina-prosecco-d-o-c-gyongyozo-bor-10-5-0-75-l-2005100267824.png,2021-10-21 18:12:49.898378,tesco
Berlingerhaus evõeszközkészlet,9739,Ft/szett,,berlingerhaus-evoeszkoz-keszlet-2005100607894-1-5k.png,2021-10-21 18:12:49.900121,tesco
Bianka Regina papír zsebkendõ,189,Ft/cs,1db=1.89Ft,regina-bianka-papirzsebkendo-2004020256076-1-5k.png,2021-10-21 18:12:49.900121,tesco
Bolognai snack 95 g,97,Ft/db,1kg=1021.05Ft,bolognai-snack-95-g-2004020272344.png,2021-10-21 18:12:49.901159,tesco
Bonduelle csemegekukorica- és zöldborsókonzerv,313,Ft/db,,,2021-10-21 18:12:49.901159,tesco
Bormioli Prima Dots étkészlet,7999,Ft/szett,,bormioli-prima-dots-etkeszlet-2005100628676-1-5k.png,2021-10-21 18:12:49.902156,tesco
Bormioli Prometeo étkészlet,9589,Ft/szett,"6dbnagytányér,6dbkistányér,6dblevesestányér",bormioli-prometeo-etkeszlet-2005100623510-1-5k.png,2021-10-21 18:12:49.902156,tesco
Borsodi Bivaly dobozos sör,259,Ft,1l=518Ft,borsodi-bivaly-lager-beer-6-5-0-5-l-2004007965643-1-5k.png,2021-10-21 18:12:49.903155,tesco
Bosch akkumulátor,17990,Ft/db,,bosch-akkumulator-2005118155169-1-5k.png,2021-10-21 18:12:49.903155,tesco
Brunos illatmentes csomósodó macskaalom 10 l,749,Ft/db,1l=74.9Ft,brunos-illatmentes-csomosodo-macskaalom-10-l-2004020158174.png,2021-10-21 18:12:49.904151,tesco
Brunos pástétom marhával teljes értékû állateledel felnõtt kutyák számára 300 g,199,Ft/db,1kg=663.33Ft,brunos-pastetom-marhaval-teljes-erteku-allateledel-felnott-kutyak-szamara-300-g-2005100501130.png,2021-10-21 18:12:49.904151,tesco
"Brunos teljes értékû állateledel felnõtt kutyák számára, falatok marhával szószban 1240 g",299,Ft/db,1kg=241.13Ft,brunos-teljes-erteku-allateledel-felnott-kutyak-szamara-falatok-marhaval-szoszban-1240-g-2005100429482.png,2021-10-21 18:12:49.905147,tesco
Brunos teljes értékû állateledel felnõtt macskák számára falatok hallal szószban 415 g,179,Ft/db,1kg=431.33Ft,brunos-teljes-erteku-allateledel-felnott-macskak-szamara-falatok-hallal-szoszban-415-g-2005100429178.png,2021-10-21 18:12:49.905147,tesco
Brunos teljes értékû állateledel felnõtt macskáknak falatok baromfival és marhával szószban 415 g,179,Ft/db,1kg=431.33Ft,brunos-teljes-erteku-allateledel-felnott-macskaknak-falatok-baromfival-es-marhaval-szoszban-415-g-2005100429180.png,2021-10-21 18:12:49.906148,tesco
Brunos teljes értékû száraz állateledel felnõtt kutyák számára marha és baromfi ízesítéssel 10 kg,2089,Ft/db,1kg=208.9Ft,brunos-teljes-erteku-szaraz-allateledel-felnott-kutyak-szamara-marha-es-baromfi-izesitessel-10-kg-2005100429419.png,2021-10-21 18:12:49.906148,tesco
Burgonyáscipó,299,Ft/db,1kg=748Ft,burgonyas-cipo-2004020296089-1-5k.png,2021-10-21 18:12:49.907142,tesco
Büttner Attitude Frizzante Cyla,2099,Ft,1l=2799Ft,buttner-cyla-frizzante-0-75l-2004020321363-1-5k.png,2021-10-21 18:12:49.907142,tesco
Cappy gyümölcsnektár vagy 100%-os gyümölcslé,389,Ft/db,,,2021-10-21 18:12:49.908144,tesco
Captain Morgan Spiced Gold szeszes ital,4999,Ft,1l=9557Ft,captain-morgan-spiced-white-tiki-0-7l-2004009937754-1-5k.png,2021-10-21 18:12:49.908144,tesco
"Ceresit Stop Pára Aero 360° páramentesítõ készülék, Ceresit AERO páramentesítõ tabletta",2199,Ft/cs,1db=1099.5Ft,ceresit-aero-paramentesito-tabletta-2004009265741-1-5k.png,2021-10-21 18:12:49.909137,tesco
"Ceresit Stop Pára AERO páramentesítõ utántöltõ tabletta, Ceresit Stop Pára Aero 360° páramentesítõ készülék",2199,Ft,1db=1099.5Ft,ceresit-aero-paramentesito-tabletta-2004009265741-1-5k.png,2021-10-21 18:12:49.909137,tesco
Cheeseland Trappista sajt,1499,Ft/kg,,cheeseland-trappista-sajt-2004020313134-1-5k.png,2021-10-21 18:12:49.910134,tesco
Chio #snack kukoricasnack,349,Ft,1kg=4363Ft,chio-snack-kukorica-snack-80g-2004020325197-1-5k.png,2021-10-21 18:12:49.911132,tesco
Citrom,499,Ft/kg,,citrom-2004005763951-1-5k.png,2021-10-21 18:12:49.911132,tesco
Coccolino Care mosószer,2499,Ft/db,1l=1041Ft,coccolino-care-mosogelekre-es-kapszulakra-2004020256858-1-5k.png,2021-10-21 18:12:49.912130,tesco
Coccolino öblítõ,1499,Ft/db,1l=517Ft,coccolino-oblito-2004020298329-1-5k.png,2021-10-21 18:12:49.913128,tesco
Colgate fogkrém,299,Ft/db,,,2021-10-21 18:12:49.914084,tesco
Colgate Max vagy Advanced White fogkrém,495,Ft/db,1l=6600Ft,colgate-max-advanced-white-fogkremek-2005100081240-1-5k.png,2021-10-21 18:12:49.914084,tesco
Cool Maker varrógép,7190,Ft/szett,,cool-maker-varrogep-2005100604110-1-5k.png,2021-10-21 18:12:49.915121,tesco
Creamfields UHT tej,179,Ft/db,,creamfields-uht-tej-2004020262976-1-5k.png,2021-10-21 18:12:49.915121,tesco
Cry babies baba,7499,Ft/db,,siros-baba-2005100505414-1-5k.png,2021-10-21 18:12:49.916079,tesco
Csipkés maszk,399,Ft,,maszk-csipkes-fekete-2005100601564-1-5k.png,2021-10-21 18:12:49.916079,tesco
Csirkemájas táska,119,Ft/db,1kg=1253Ft,csirkemajas-taska-2004020167976-1-5k.png,2021-10-21 18:12:49.917115,tesco
Csuklyás fényes tök-álarc,1499,Ft,,alarc-tok-fenyes-csuklyas-2005100604598-1-5k.png,2021-10-21 18:12:49.917115,tesco
Csuklyás gyerekálarc,1199,Ft/db,,alarc-gyerek-csuklyas-valog-2005100602876-1-5k.png,2021-10-21 18:12:49.918113,tesco
Cukorkagyûjtõ vödör,319,Ft/db,,cukorkagyujto-vodor-valogat-2005100602150-1-5k.png,2021-10-21 18:12:49.918113,tesco
Cukorkástál,399,Ft/db,,tal-cukorkas-narancs-fekete-2005100611916-1-5k.png,2021-10-21 18:12:49.919112,tesco
Cukros briós,79,Ft/db,1kg=1215Ft,cukros-brios-2004020324837-1-5k.png,2021-10-21 18:12:49.919112,tesco
DC Batman-figurák,7799,Ft/szett,,batman-figura-2005100608481-1-5k.png,2021-10-21 18:12:49.920108,tesco
Delma kenõmargarin,379,Ft/db,,,2021-10-21 18:12:49.921106,tesco
Detki darált háztartási keksz,339,Ft,1kg=678Ft,detki-daralt-haztartasi-keksz-2004009081549-1-5k.png,2021-10-21 18:12:49.921106,tesco
Dino Valley T-Rex játékszett,5999,Ft/szett,,dino-valley-t-rex-jatekszett-2005100596151-1-5k.png,2021-10-21 18:12:49.922103,tesco
Domestos Power 5 WC-frissítõ triopack,889,Ft/cs,1kg=5388Ft,domestos-wc-frissito-blokk-triopack-2004020043732-1-5k.png,2021-10-21 18:12:49.923101,tesco
Dörmi piskóta,59,Ft/cs,,,2021-10-21 18:12:49.923101,tesco
Dove testápoló,1359,Ft/db,1l=3398Ft,dove-termekekre-2004010055904-1-5k.png,2021-10-21 18:12:49.924098,tesco
Dreamies jutalomfalat,305,Ft,1kg=5083Ft,dreamies-jutalomfalat-2004120615185-1-5k.png,2021-10-21 18:12:49.924098,tesco
Dzsungel távirányítós terepjáró,9699,Ft,,dzsungel-terepjaro-2005100371255-1-5k.png,2021-10-21 18:12:49.926092,tesco
Efef csirkemellsonka,269,Ft/cs,1kg=2690Ft,efef-csirke-vagy-pulykamell-sonka-2004020154014-2-5k.png,2021-10-21 18:12:49.926092,tesco
"Egri Bikavér classicus száraz vörösbor 12,5% 750 ml",529,Ft/db,1l=705.33Ft,egri-bikaver-classicus-szaraz-vorosbor-12-5-750-ml-2004120168045.jpg,2021-10-21 18:12:49.927092,tesco
Eisberg Pink Mix saláta,249,Ft,1kg=3557Ft,eisberg-pink-mix-salata-2004020325494-1-5k.png,2021-10-21 18:12:49.928046,tesco
Emese ásványvíz,69,Ft,1l=46Ft,emese-asvanyviz-2004009782002-1-5k.png,2021-10-21 18:12:49.929083,tesco
EVO elektromos meghajtású rendõrségi tricikli,14990,Ft,,evo-rednorsegi-trickli-2005100600853-1-5k.png,2021-10-21 18:12:49.929083,tesco
F&F Basics üdítõspohár,195,Ft/db,1db=195Ft,f-f-basics-uditospohar-2005112807637.png,2021-10-21 18:12:49.930082,tesco
F&F Home Basics fehér arctörlõ 30 cm x 30 cm,199,Ft/db,1db=199Ft,f-f-home-basics-feher-arctorlo-30-cm-x-30-cm-2005111146829.jpg,2021-10-21 18:12:49.931078,tesco
F&F Home Basics fehér kéztörlõ 50 cm x 90 cm,599,Ft/db,1db=599Ft,f-f-home-basics-feher-keztorlo-50-cm-x-90-cm-2005111146881.jpg,2021-10-21 18:12:49.931078,tesco
F&F Home Basics teamécses 100 db,899,Ft/db,1db=8.99Ft,f-f-home-basics-teamecses-100-db-2005101259867.png,2021-10-21 18:12:49.932076,tesco
Farkasmaszk,3999,Ft,,maszk-farkas-2005100604593-1-5k.png,2021-10-21 18:12:49.932740,tesco
Favorit G12 fagyálló,629,Ft/db,,favorit-g12-fagyallo-2004010668531-1-5k.png,2021-10-21 18:12:49.932740,tesco
Fehér szõlõ lédig,79,Ft/db,1kg=799Ft,feher-szolo-ledig-2004007592795.png,2021-10-21 18:12:49.932740,tesco
Félbarna kenyér 1 kg,279,Ft/db,1kg=279Ft,felbarna-kenyer-1-kg-2004008607610.png,2021-10-21 18:12:49.932740,tesco
Fémtök,1599,Ft,,fem-hallowen-tok-2005100603452-1-5k.png,2021-10-21 18:12:49.932740,tesco
Ferrero Rocher desszert,369,Ft,1kg=7380Ft,ferrero-rocher50g-2004008614212-1-5k.png,2021-10-21 18:12:49.932740,tesco
Fisher Price tanuló kutyus,11190,Ft,,szamos-fisher-price-es-mega-bloks-jatekra-2005100134324-1-5k.png,2021-10-21 18:12:49.932740,tesco
Fonott kalács,319,Ft,1kg=798Ft,fonott-kalacs-2004020324676-1-5k.png,2021-10-21 18:12:49.932740,tesco
"Fõtt, préselt, fél császárszalonna",299,Ft/db,1kg=2990Ft,fott-preselt-fel-csaszarszalonna-2004007604658.png,2021-10-21 18:12:49.932740,tesco
"Fox & Ivy Azzurra müzlistál, Fox & Ivy Azzurra kistányér",1119,Ft/db,,fox-ivy-azzurra-muzlistal-2005100484687-1-5k.png,2021-10-21 18:12:49.932740,tesco
Fox & Ivy Luna müzlistál vagy Fox & Ivy Luna kistányér,1119,Ft/db,,fox-ivy-luna-muzlistal-2005100484679-1-5k.png,2021-10-21 18:12:49.932740,tesco
"Fox & Ivy Malmo müzlistál, Fox & Ivy Malmo lapostányér",879,Ft/db,,fox-ivy-malmo-muzlistal-2005100545938-1-5k.png,2021-10-21 18:12:49.932740,tesco
Frankenstein-maszk,1999,Ft,,frankenstein-maszk-2005100604108-1-5k.png,2021-10-21 18:12:49.932740,tesco
Fred & Flo 5 Junior 11-18 kg pelenka 88 db,4599,Ft/db,1db=52.26Ft,fred-flo-5-junior-11-18-kg-pelenka-88-db-2005100501502.png,2021-10-21 18:12:49.932740,tesco
Fred & Flo fültisztító pálcika 60 db,169,Ft/db,1db=2.82Ft,fred-flo-fultisztito-palcika-60-db-2005100444098.png,2021-10-21 18:12:49.932740,tesco
Friss csirkemell filé,374,Ft/db,1kg=1499Ft,friss-csirkemell-file-2004003176258.png,2021-10-21 18:12:49.932740,tesco
Friss magyar csirkecomb farrésszel,395,Ft/kg,,friss-magyar-csirkecomb-farresszel-2004008315102-1-5k.png,2021-10-21 18:12:49.932740,tesco
Friss magyar csontos sertéskaraj,1099,Ft,,friss-magyar-csontos-sertes-karaj-2004007353396-1-5k.png,2021-10-21 18:12:49.932740,tesco
Friss magyar sertésoldalas,1269,Ft/kg,,friss-magyar-sertesoldalas-2004007358599-1-5k.png,2021-10-21 18:12:49.932740,tesco
Friss magyar tanyasi csirke,1499,Ft/kg,,tanyasi-magyar-egesz-csirke-2004007524000-2-5k.png,2021-10-21 18:12:49.932740,tesco
Friss marhalábszár,1999,Ft/kg,,marha-labszar-csont-nelkul-2004010277900-1-5k.png,2021-10-21 18:12:49.932740,tesco
Fürtös paradicsom,104,Ft/db,1kg=699Ft,furtos-paradicsom-2004003274480.png,2021-10-21 18:12:49.932740,tesco
Füstölt Edami sajt,1699,Ft/kg,,nagylyuku-vagy-fustolt-edami-sajt-2004006865760-1-5k.png,2021-10-21 18:12:49.932740,tesco
Füstölt hátsó csülök,119,Ft/10dkg,1kg=1190Ft,fustolt-hatso-csulok-2004003324901-1-5k.png,2021-10-21 18:12:49.932740,tesco
Gárdonyi Teaház filteres gyümölcstea,499,Ft/cs,kg=12475.00Ft,gardonyi-teahaz-filteres-gyumolcsteak-2004010804670-1-5k.png,2021-10-21 18:12:49.932740,tesco
Garnier Color Naturals hajfesték,839,Ft,,garnier-color-naturals-hajfestekekre-2004007891218-1-5k.png,2021-10-21 18:12:49.932740,tesco
Ginissimo Grande családi jégkrém,999,Ft,1l=605Ft,ginissimo-grande-csaladi-jegkrem-2004010518102-1-5k.png,2021-10-21 18:12:49.932740,tesco
Glade légfrissítõ spray,539,Ft,1l=1797Ft,glade-300-ml-es-legfrissitokre-2004010649738-1-5k.png,2021-10-21 18:12:49.932740,tesco
Globus majonéz,589,Ft,1kg=1419Ft,globus-majonez-415-gr-2004020284584-1-5k.png,2021-10-21 18:12:49.932740,tesco
Globus melegszendvicskrém,389,Ft/db,1kg=1341Ft,globus-melegszendvicskrem-2004010369117-1-5k.png,2021-10-21 18:12:49.932740,tesco
GMO-mentes magyar csirkemellfilé,1999,Ft/kg,,gmo-mentes-magyar-csirkemell-file-2004020306795-1-5k.png,2021-10-21 18:12:49.932740,tesco
Go Cook öntöttvas sütõtál,10490,Ft,,go-cook-ontottvas-sutotal-2005100259612-1-5k.png,2021-10-21 18:12:49.948402,tesco
Go for Expert All In One Lemon mosogatógép tabletta 40 x 18 g,1149,Ft/db,1db=28.73Ft,go-for-expert-all-in-one-lemon-mosogatogep-tabletta-40-x-18-g-2004020200975.png,2021-10-21 18:12:49.949315,tesco
Go for Expert All in One mosogatógép tabletta 40 x 18 g,1149,Ft/db,1db=28.73Ft,go-for-expert-all-in-one-mosogatogep-tabletta-40-x-18-g-2004020200970.jpg,2021-10-21 18:12:49.950352,tesco
Go for Expert Aloa Vera mosogató balzsam 900 ml,359,Ft/db,1l=398.89Ft,go-for-expert-aloa-vera-mosogato-balzsam-900-ml-2005100241583.png,2021-10-21 18:12:49.950352,tesco
Go For Expert általános tisztítószer,359,Ft/db,,go-for-expert-altalanos-tisztitoszer-2004020200977-1-5k.png,2021-10-21 18:12:49.951348,tesco
Go for Expert Classic mosogatógép tabletta 60 x 15 g,959,Ft/db,1db=15.98Ft,go-for-expert-classic-mosogatogep-tabletta-60-x-15-g-2004020200971.jpg,2021-10-21 18:12:49.951348,tesco
Go for Expert Eco Friendly ökológiai WC-tisztító szer 1 l,549,Ft/db,1l=549Ft,go-for-expert-eco-friendly-okologiai-wc-tisztito-szer-1-l-2005100242349.png,2021-10-21 18:12:49.951348,tesco
Go for Expert fürdõszoba tisztító 750 ml,599,Ft/db,1l=798.67Ft,go-for-expert-furdoszoba-tisztito-750-ml-2005100396916.jpg,2021-10-21 18:12:49.952347,tesco
Go for Expert Hand & Nails mosogató balzsam 900 ml,359,Ft/db,1l=398.89Ft,go-for-expert-hand-nails-mosogato-balzsam-900-ml-2005100242362.png,2021-10-21 18:12:49.952347,tesco
Go for Expert Lavender mosogatószer 900 ml,359,Ft/db,1l=398.89Ft,go-for-expert-lavender-mosogatoszer-900-ml-2005100242060.png,2021-10-21 18:12:49.953354,tesco
Go for Expert mosószer kapszulák színes ruhákhoz 20 mosás 490 ml,1399,Ft/db,1db=69.95Ft,go-for-expert-mososzer-kapszulak-szines-ruhakhoz-20-mosas-490-ml-2004020200974.jpg,2021-10-21 18:12:49.953354,tesco
Go for Expert olaj- és zsíroldó 750 ml,599,Ft/db,1l=798.67Ft,go-for-expert-olaj-es-zsiroldo-750-ml-2005100396922.jpg,2021-10-21 18:12:49.954340,tesco
Go for Expert szõnyeg- és kárpittisztító 750 ml,599,Ft/db,1l=798.67Ft,go-for-expert-szonyeg-es-karpittisztito-750-ml-2005100396825.jpg,2021-10-21 18:12:49.954340,tesco
Go for Expert univerzális mosószer kapszulák 20 mosás 490 ml,1399,Ft/db,1db=69.95Ft,go-for-expert-univerzalis-mososzer-kapszulak-20-mosas-490-ml-2004020200968.jpg,2021-10-21 18:12:49.955344,tesco
Go for Expert vízkõ- és rozsdaoldó 750 ml,599,Ft/db,1l=798.67Ft,go-for-expert-vizko-es-rozsdaoldo-750-ml-2005100396920.jpg,2021-10-21 18:12:49.955344,tesco
Go for Expert zuhanykabin tisztító 750 ml,599,Ft/db,1l=798.67Ft,go-for-expert-zuhanykabin-tisztito-750-ml-2005100396917.jpg,2021-10-21 18:12:49.956335,tesco
Grants whisky,7999,Ft,1l=5333Ft,grants-whisky-1-5-l-6-k-40-2004020276730-1-5k.png,2021-10-21 18:12:49.956335,tesco
Greenfield tea,449,Ft/cs,1kg=8980Ft,greenfield-tea-2004020312515-1-5k.png,2021-10-21 18:12:49.957331,tesco
Gútai búzafinomliszt,165,Ft,,gutai-buzafinomliszt-2004009703533-1-5k.png,2021-10-21 18:12:49.957331,tesco
Gyõri Édes keksz,249,Ft/cs,,,2021-10-21 18:12:49.958333,tesco
Gyulai szeletelt kolbász,399,Ft/cs,1kg=7988Ft,gyulai-vagy-csabai-szeletelt-kolbasz-2004009866306-1-5k.png,2021-10-21 18:12:49.958333,tesco
Hajpánt,1199,Ft,,dotd-hajpant-2005100602875-1-5k.png,2021-10-21 18:12:49.959327,tesco
Haribo gumicukorka,999,Ft,1kg=3996Ft,haribo-gumicukor-2004020325042-1-5k.png,2021-10-21 18:12:49.959327,tesco
Háromágú krizantém mûvirág,489,Ft/szál,,haromagu-krizantem-2005100605104-1-5k.png,2021-10-21 18:12:49.960284,tesco
Hausmeister Diana Solo mikrohullámú sütõ,16990,Ft,,hausmeister-diana-mikrohullamu-suto-2005106777960-1-5k.png,2021-10-21 18:12:49.960284,tesco
"Hearty Food Co. ""B"" minõségû hosszú szemû rizs 4 x 100 g",359,Ft/db,1kg=897.5Ft,hearty-food-co-2005100501430.png,2021-10-21 18:12:49.961323,tesco
Hearty Food Co. cérnácska 2 tojásos száraztészta 500 g,239,Ft/db,1kg=478Ft,hearty-food-co-cernacska-2-tojasos-szarazteszta-500-g-2004009349977.png,2021-10-21 18:12:49.962319,tesco
Hearty Food Co. copfocska 2 tojásos száraztészta 500 g,239,Ft/db,1kg=478Ft,hearty-food-co-copfocska-2-tojasos-szarazteszta-500-g-2004009350058.png,2021-10-21 18:12:49.962319,tesco
Hearty Food Co. fodros nagykocka 2 tojásos száraztészta 500 g,239,Ft/db,1kg=478Ft,hearty-food-co-fodros-nagykocka-2-tojasos-szarazteszta-500-g-2004009349984.png,2021-10-21 18:12:49.963327,tesco
"Hearty Food Co. gyorsfagyasztott, elõsütött hasábburgonya 1 kg",399,Ft/db,1kg=399Ft,hearty-food-co-gyorsfagyasztott-elosutott-hasabburgonya-1-kg-2005100579752.png,2021-10-21 18:12:49.963327,tesco
Hearty Food Co. hosszú szemû rizs 1 kg,349,Ft/db,1kg=349Ft,hearty-food-co-hosszu-szemu-rizs-1-kg-2004009495728.png,2021-10-21 18:12:49.964313,tesco
Hearty Food Co. makaróni 2 tojásos száraztészta 500 g,239,Ft/db,1kg=478Ft,hearty-food-co-makaroni-2-tojasos-szarazteszta-500-g-2004009349960.png,2021-10-21 18:12:49.964313,tesco
Hearty Food Co. orsó 2 tojásos száraztészta 500 g,239,Ft/db,1kg=478Ft,hearty-food-co-orso-2-tojasos-szarazteszta-500-g-2004009350010.png,2021-10-21 18:12:49.965312,tesco
Hearty Food Co. rövidmetélt 2 tojásos száraztészta 500 g,239,Ft/db,1kg=478Ft,hearty-food-co-rovidmetelt-2-tojasos-szarazteszta-500-g-2004009350027.png,2021-10-21 18:12:49.965312,tesco
Hearty Food Co. spagetti 2 tojásos száraztészta 500 g,239,Ft/db,1kg=478Ft,hearty-food-co-spagetti-2-tojasos-szarazteszta-500-g-2004009350034.png,2021-10-21 18:12:49.966270,tesco
Hearty Food Co. szarvacska 2 tojásos száraztészta 500 g,239,Ft/db,1kg=478Ft,hearty-food-co-szarvacska-2-tojasos-szarazteszta-500-g-2004009350003.png,2021-10-21 18:12:49.966270,tesco
Hearty Food Co. tarhonya 2 tojásos száraztészta 500 g,239,Ft/db,1kg=478Ft,hearty-food-co-tarhonya-2-tojasos-szarazteszta-500-g-2004009349991.png,2021-10-21 18:12:49.967305,tesco
Henger alakú temetõi mécses,419,Ft,,henger-alaku-temetoi-mecses-2005100496977-1-5k.png,2021-10-21 18:12:49.967305,tesco
Hey-Ho gyümölcsnektár,299,Ft,,hey-ho-gyumolcsnektar-2004020262072-1-5k.png,2021-10-21 18:12:49.968304,tesco
Hohes C 100%-os gyümölcslé,499,Ft/db,,hohes-c-100-os-gyumolcsle-2004009515242-1-5k.png,2021-10-21 18:12:49.968304,tesco
Hot Wheels Bone Shaker távirányítós autó,9699,Ft,,hot-wheels-taviranyitos-auto-2005100612378-1-5k.png,2021-10-21 18:12:49.969300,tesco
Hot Wheels óriás autómosó,6599,Ft/szett,,hot-wheels-orias-automoso-2005100261864-1-5k.png,2021-10-21 18:12:49.969300,tesco
Hot Wheels távirányítós autó,9699,Ft,,szamos-hot-wheels-jatekra-2005100612378-1-5k.png,2021-10-21 18:12:49.970297,tesco
HP fénymásoló papír,1189,Ft/cs,1db=2.4Ft,hp-fenymasolopapir-2005105307991-1-5k.png,2021-10-21 18:12:49.970297,tesco
Idared alma lédig,78,Ft/db,1kg=449Ft,idared-alma-ledig-2004006481618.png,2021-10-21 18:12:49.971308,tesco
Iglo panírozott halrúd,999,Ft,1kg=3617Ft,iglo-panirozott-halrud-2004010947070-1-5k.png,2021-10-21 18:12:49.971308,tesco
Ízes bukta,99,Ft/db,1kg=1100Ft,izes-bukta-2004020324834-1-5k.png,2021-10-21 18:12:49.972293,tesco
Japán sütõtök,299,Ft/kg,,japan-sutotok-2004006199001-1-5k.png,2021-10-21 18:12:49.972293,tesco
Jar kézi mosogatószer,629,Ft/db,,,2021-10-21 18:12:49.973290,tesco
Jar mosogatógép-tabletta,3699,Ft,,jar-92-70-56-db-os-mosogatogep-tabletta-2004020311426-1-5k.png,2021-10-21 18:12:49.973290,tesco
Jász-Plasztik téli szélvédõmosó folyadék -19 °C,1199,Ft/db,1l=300Ft,jasz-plasztik-teli-szelvedomoso-folyadek-2004020297913-1-5k.png,2021-10-21 18:12:49.974287,tesco
JCB daru,3499,Ft/szett,,jcb-daru-2005108367008-1-5k.png,2021-10-21 18:12:49.974287,tesco
Johnnie Walker Black Label whisky,8999,Ft,1l=12856Ft,johnnie-walker-black-label-whisky-2004003187711-1-5k.png,2021-10-21 18:12:49.975275,tesco
Just My Style szépségkészlet,3999,Ft/szett,,just-my-style-szepsegkeszlet-2005100496883-1-5k.png,2021-10-21 18:12:49.976241,tesco
Kaiser bécsi vagy frankfurti virsli,949,Ft/cs,1kg=2373Ft,kaiser-becsi-vagy-frankfurti-virsli-2004020322256-2-5k.png,2021-10-21 18:12:49.976241,tesco
Kaiser sertés frankfurti virsli,169,Ft/db,1kg=1690Ft,kaiser-sertes-frankfurti-virsli-2004010572562.png,2021-10-21 18:12:49.977237,tesco
Kakaós csiga 90 g,99,Ft/db,1kg=1100Ft,kakaos-csiga-90-g-2004120263404.png,2021-10-21 18:12:49.977237,tesco
Kalinka vodka,3339,Ft,1l=4770Ft,kalinka-vodka-0-7l-2004008387444-1-5k.png,2021-10-21 18:12:49.978269,tesco
Keenway parkolóház,5499,Ft,,keenway-parkolohaz-2005100496895-1-5k.png,2021-10-21 18:12:49.978269,tesco
Keenway teherszállító repülõ,5999,Ft/szett,,teherszallito-repulo-2005100012752-1-5k.png,2021-10-21 18:12:49.979234,tesco
Kerámia tök figura,1099,Ft,,keramia-halloween-tok-figurak-2005100603443-1-5k.png,2021-10-21 18:12:49.983297,tesco
Keresztes koszorú,2999,Ft,,keresztes-koszoru-2005100496945-1-5k.png,2021-10-21 18:12:49.983297,tesco
Kerti törpe,1999,Ft,,kerti-torpe-2005100603455-1-5k.png,2021-10-21 18:12:49.984289,tesco
Kígyóuborka,269,Ft/db,1db=269Ft,kigyouborka-2004009252888.png,2021-10-21 18:12:49.984289,tesco
Kinley szénsavas üdítõital,339,Ft/db,,,2021-10-21 18:12:49.985286,tesco
Kisteleki mascarpone krém,849,Ft,1kg=1698Ft,kisteleki-mascarpone-krem-2004010663239-1-5k.png,2021-10-21 18:12:49.985286,tesco
Kitekat száraz macskaeledel,1039,Ft/cs,1kg=577Ft,kitekat-szaraz-macskaeledel-2004010634642-1-5k.png,2021-10-21 18:12:49.986283,tesco
Koch Cabernet Sauvignon Rosé,849,Ft,1l=1892Ft,koch-cab-sauvign-rose-0-75l-2004010769481-1-5k.png,2021-10-21 18:12:49.987281,tesco
Kometa Pedrazini selection,499,Ft/cs,1kg=6238Ft,kometa-pedrazini-selection-2004020313477-1-5k.png,2021-10-21 18:12:49.987281,tesco
Koronás porcukor,169,Ft,1kg=338Ft,koronas-porcukor-2004006556514-1-5k.png,2021-10-21 18:12:49.988278,tesco
Korpovit keksz,249,Ft,1kg=1431Ft,korpovit-keksz-2004007161267-1-5k.png,2021-10-21 18:12:49.989276,tesco
Koszorú mûvirág-díszítéssel,1199,Ft,,koszoru-muvirag-diszitessel-2005100605106-1-5k.png,2021-10-21 18:12:49.989276,tesco
Kozel dobozos sör,249,Ft/db,,,2021-10-21 18:12:49.990273,tesco
Krizantém,369,Ft,,krizantem-2004009086117-1-5k.png,2021-10-21 18:12:49.991270,tesco
Krizantém (19 cm),1299,Ft,,krizantem-2004007298130-1-5k.png,2021-10-21 18:12:49.991270,tesco
Krizantém mûvirág,799,Ft/szál,,krizantem-muvirag-2005100605105-1-5k.png,2021-10-21 18:12:49.992268,tesco
Krizantém mûvirágcsokor,999,Ft/csokor,,krizantem-muviragcsokor-2005100605804-1-5k.png,2021-10-21 18:12:49.992268,tesco
Krizantém nagyvirágú,749,Ft,,krizantem-nagyviragu-2004009347959-1-5k.png,2021-10-21 18:12:49.993265,tesco
Kronenbourg 1664 Blanc dobozos búzasör,299,Ft,1l=598Ft,kronenbourg-1664-blanc-dobozos-buzasor-2004020210385-1-5k.png,2021-10-21 18:12:49.993265,tesco
Kunsági tehéntúró,449,Ft,1kg=998Ft,kunsagi-felzsiros-tehenturo-2004120323478-1-5k.png,2021-10-21 18:12:49.994262,tesco
Lay's chips,379,Ft/cs,1kg=2707Ft,lay-s-chips-2004020255144-1-5k.png,2021-10-21 18:12:49.994262,tesco
"LE&CO füstölt, fõtt császárszalonna",799,Ft/cs,1kg=3995Ft,le-co-fustolt-fott-csaszarszalonna-2004020159538-2-5k.png,2021-10-21 18:12:49.995260,tesco
Leifheit Clean Twist Combi Disc praktikus felmosószett,10490,Ft/szett,,leifheit-clean-twist-combi-disc-praktikus-felmososzett-2005100539646-1-5k.png,2021-10-21 18:12:49.996257,tesco
Lenor mosószer,1999,Ft,1l=1100Ft,lenor-mososzer-38-2004020313403-1-5k.png,2021-10-21 18:12:49.997254,tesco
Lenor textilöblítõ,1049,Ft/db,,,2021-10-21 18:12:49.997254,tesco
Libero Comfort Jumbo Pack pelenka,3659,Ft/,1db=61Ft,,2021-10-21 18:12:49.998252,tesco
Lindt Excellence táblás csokoládé,649,Ft/db,1kg=6490Ft,lindt-excellence-tablas-csokolade-2004007985115-1-5k.png,2021-10-21 18:12:49.999249,tesco
Lino Lada Gold mogyorókrém,859,Ft,1kg=2454Ft,lino-lada-krem-2004020271128-1-5k.png,2021-10-21 18:12:49.999249,tesco
Listerine szájvíz,1049,Ft/db,1l=2098Ft,400-500ml-listerine-szajviz-2004010981913-1-5k.png,2021-10-21 18:12:50.000247,tesco
Lurpak vajkészítmény,849,Ft,1kg=4245Ft,lurpak-vajkeszitmeny-2004003000171-1-5k.png,2021-10-21 18:12:50.000247,tesco
Lurpak XXL kenhetõ sós vajkészítmény vagy XXL sótlan vaj,1899,Ft/db,1kg=3798Ft,lurpak-xxl-kenheto-sos-vajkeszitmeny-vagy-xxl-sotlan-vaj-2004020262671-2-5k.png,2021-10-21 18:12:50.001243,tesco
Macskajelmez,1199,Ft,,macska-jelmez-2005100604595-1-5k.png,2021-10-21 18:12:50.001243,tesco
Macskás fejpánt,319,Ft,,fejpant-macskas-flitteres-2005100600610-1-5k.png,2021-10-21 18:12:50.002241,tesco
Magnesia ásványvíz,159,Ft/db,1l=106Ft,magnesia-asvanyviz-2004120764284-1-5k.png,2021-10-21 18:12:50.003239,tesco
Magnesia Red ízesített víz,249,Ft,1l=166Ft,magnesia-red-izesitett-viz-2004020284604-1-5k.png,2021-10-21 18:12:50.003239,tesco
Magszegény fehér szõlõ,399,Ft/cs,1kg=798Ft,magszegeny-feher-szolo-2004007792614-1-5k.png,2021-10-21 18:12:50.004236,tesco
Magyar csemegekukorica,129,Ft/db,,magyar-csemegekukorica-2004006079112-1-5k.png,2021-10-21 18:12:50.004236,tesco
Magyar ESL tej,239,Ft,,magyar-esl-tej-2004010263880-1-5k.png,2021-10-21 18:12:50.005233,tesco
Magyar fürtös bébiszilva paradicsom,399,Ft/cs,1kg=1596Ft,magyar-furtos-bebi-szilva-paradicsom-2004010504013-1-5k.png,2021-10-21 18:12:50.005233,tesco
Magyar gála alma,299,Ft/kg,,magyar-gala-alma-2004003260414-1-5k.png,2021-10-21 18:12:50.006230,tesco
Magyar halloweentök,189,Ft/kg,,magyar-halloween-tok-2004003267703-1-5k.png,2021-10-21 18:12:50.006230,tesco
Magyar hegyes erõspaprika,69,Ft/db,,magyar-hegyes-erospaprika-2004003272936-1-5k.png,2021-10-21 18:12:50.007228,tesco
Magyar sárgarépa,179,Ft/kg,,magyar-sargarepa-2004003258701-1-5k.png,2021-10-21 18:12:50.007228,tesco
Magyar szürke sütõtök,279,Ft,,magyar-szurke-sutotok-2004003275272-1-5k.png,2021-10-21 18:12:50.008225,tesco
Magyar tejföl,279,Ft,1kg=845Ft,magyar-tejfol-2004010263903-1-5k.png,2021-10-21 18:12:50.008225,tesco
Mancs Õrjárat lábbal hajtható jármû vagy Frozen világító jármû,7499,Ft/db,,mancs-orjarat-labbal-hajthato-jarmu-2005100371527-1-5k.png,2021-10-21 18:12:50.009222,tesco
Mancs õrjárat rendõrségi jármû,13990,Ft/szett,,mancs-orjarat-rendorsegi-jarmu-2005100505105-1-5k.png,2021-10-21 18:12:50.009222,tesco
Mandarin,599,Ft/kg,,mandarin-2004008224596-1-5k.png,2021-10-21 18:12:50.010220,tesco
Marlenka torta,3199,Ft/cs,1kg=3999Ft,marlenka-torta-2004120072019-2-5k.png,2021-10-21 18:12:50.010220,tesco
Mátyás Keserû likõr,1999,Ft/db,1l=3998Ft,matyas-keseru-classic-szilva-meggy-0-5l-2004020307469-1-5k.png,2021-10-21 18:12:50.011217,tesco
McLaren Senna távirányítós autó,7099,Ft,,mclaren-senna-jatekauto-2005100491894-1-5k.png,2021-10-21 18:12:50.011217,tesco
Medve darabolt sajt,559,Ft,1kg=3288Ft,medve-darabolt-sajt-2004020324435-1-5k.png,2021-10-21 18:12:50.012214,tesco
Medve ömlesztett sajt,399,Ft/cs,1kg=1995Ft,medve-omlesztett-sajt-2004002742683-1-5k.png,2021-10-21 18:12:50.012214,tesco
Medve szeletelt sajt,349,Ft/cs,,medve-szeletelt-sajt-2004020324432-1-5k.png,2021-10-21 18:12:50.013212,tesco
Metal Machines játékszett,3899,Ft/szett,,metal-machines-jatekszett-2005100596046-1-5k.png,2021-10-21 18:12:50.013212,tesco
Milka kistáblás csokoládé,259,Ft/db,1kg=2590Ft,milka-kistablas-csokolade-2004003237843-1-5k.png,2021-10-21 18:12:50.014209,tesco
Miller üveges sör,259,Ft/db,,,2021-10-21 18:12:50.015206,tesco
Milli kaukázusi kefir,279,Ft,1kg=620Ft,milli-kaukazusi-kefir-2004002995713-1-5k.png,2021-10-21 18:12:50.015206,tesco
Milli krémtúró,149,Ft/db,1kg=1656Ft,milli-kremturo-2004010767845-1-5k.png,2021-10-21 18:12:50.017243,tesco
Milli Perfecto fõzõtejszín,649,Ft/cs,1l=1623Ft,milli-perfecto-fozotejszin-2004010714474-1-5k.png,2021-10-21 18:12:50.018239,tesco
Milumil tápszer vagy junior gyerekital,2899,Ft,1kg=4998Ft,milumil-tapszer-vagy-junior-gyerekital-2004020312497-1-5k.png,2021-10-21 18:12:50.019237,tesco
"Milupa Szép Álmokat, Jó reggelt vagy Natúr tejpép",899,Ft/db,1kg=3796Ft,milupa-szep-almokat-jo-reggelt-es-natur-tejpepek-2004020294988-1-5k.png,2021-10-21 18:12:50.021232,tesco
Mini játék jármû,1999,Ft,,mini-jatek-jarmu-2005100435780-1-5k.png,2021-10-21 18:12:50.033160,tesco
Mizo madártejes Túró Rudi,429,Ft,1kg=2383Ft,mizo-madartejes-turo-rudi-2004020325050-1-5k.png,2021-10-21 18:12:50.033160,tesco
Mizo madártejízû Túró Rudi,429,Ft,1kg=2383Ft,mizo-madartej-izu-turo-rudi-2004020325050-1-5k.png,2021-10-21 18:12:50.034156,tesco
Mogyi földimogyoró,295,Ft/cs,,,2021-10-21 18:12:50.034156,tesco
Mort Subite üveges sör,449,Ft/db,1l=1796Ft,mort-subite-belga-meggyes-lambic-tipusu-sorkulonlegesseg-2004020117962-1-5k.png,2021-10-21 18:12:50.035153,tesco
Ms Molly's háztartási keksz 1 kg,499,Ft/db,1kg=499Ft,ms-molly-s-haztartasi-keksz-1-kg-2005100363564.png,2021-10-21 18:12:50.036150,tesco
Mûanyag mécses,99,Ft,,muanyag-mecses-2005100497057-1-5k.png,2021-10-21 18:12:50.036150,tesco
Munkagépszállító vonatkészlet,8199,Ft/szett,,munkagepszallito-vonatkeszlet-2005100371266-1-5k.png,2021-10-21 18:12:50.037148,tesco
Munkanadrág,2999,Ft,,munkanadrag-2005100613379-1-5k.png,2021-10-21 18:12:50.038145,tesco
Muskotálytök,399,Ft/kg,,muskotalytok-2004005795624-1-5k.png,2021-10-21 18:12:50.038145,tesco
Mûvirág-kompozíció,1999,Ft,,muvirag-kompozicio-2005100225161-1-5k.png,2021-10-21 18:12:50.039142,tesco
Mûvirág-kompozíció kaspóban,1299,Ft,,viragkompozicio-kaspoban-2005100391677-1-5k.png,2021-10-21 18:12:50.039142,tesco
Nádudvari debreceni,699,Ft/cs,1kg=2330Ft,nadudvari-debreceni-2004120598486-1-5k.png,2021-10-21 18:12:50.040139,tesco
"Napraforgóhéj-brikett, Fabrikett",899,Ft/cs,1kg=95Ft,fabrikett-2004010948565-1-5k.png,2021-10-21 18:12:50.040139,tesco
Narancs lédig,137,Ft/db,1kg=599Ft,narancs-ledig-2004007330359.png,2021-10-21 18:12:50.040139,tesco
Natúr szendvics zsemle 55 g,33,Ft/db,1kg=600Ft,natur-szendvics-zsemle-55-g-2004120742742.png,2021-10-21 18:12:50.041137,tesco
Naturtex Aloe vera téli paplan- és párnagarnitúra,11190,Ft/szett,,naturtex-aloe-vera-teli-paplan-es-parna-garnitura-2005100508673-1-5k.png,2021-10-21 18:12:50.041137,tesco
Nerf Alpha Strike fegyverkészlet,4599,Ft/szett,,nerf-alpha-strike-fegyverkeszlet-2005100496885-1-5k.png,2021-10-21 18:12:50.042134,tesco
Nescafé instant kávé,1349,Ft/db,1kg=6745Ft,nescafe-instant-kave-2004002813550-1-5k.png,2021-10-21 18:12:50.042134,tesco
Nestlé Fitness granola,799,Ft,1kg=2663Ft,nestle-fitness-granola-2004020318696-1-5k.png,2021-10-21 18:12:50.043132,tesco
Nestlé vagy Nestlé Fitness gabonapehely,799,Ft/cs,,,2021-10-21 18:12:50.044129,tesco
Nicky halloween szalvéta,249,Ft/cs,1db=12Ft,nicky-halloween-szalveta-2004020321409-1-5k.png,2021-10-21 18:12:50.044129,tesco
Nissin Smack instant tésztaleves,179,Ft/cs,1kg=1790Ft,smack-instant-teszta-2004003095412-1-1k.png,2021-10-21 18:12:50.044129,tesco
"Nivea dezodorspray, roll-on vagy stift",619,Ft/db,,nivea-dezodorspray-roll-on-vagy-stift-2004010510403-1-5k.png,2021-10-21 18:12:50.045126,tesco
NIVEA nõi tusfürdõ,699,Ft,1l=2916Ft,nivea-250ml-es-tusfurdo-2004009977781-1-5k.png,2021-10-21 18:12:50.046124,tesco
Nutline sós mogyoró,599,Ft,,nutline-porkolt-sos-magvak-2004020267399-1-5k.png,2021-10-21 18:12:50.047121,tesco
Omnia Classic õrölt kávé,1149,Ft,1kg=2298Ft,omnia-classic-orolt-kave-2004002647568-1-5k.png,2021-10-21 18:12:50.047121,tesco
Ooops! Classic papír zsebkendõ,189,Ft/cs,1db=2.10Ft,ooops-classic-papirzsebkendo-2004120677485-1-5k.png,2021-10-21 18:12:50.048118,tesco
Orange darabolt magyar sütõtök,329,Ft/db,,orange-darabolt-magyar-sutotok-2004120001773-1-5k.png,2021-10-21 18:12:50.049115,tesco
Õszi dekorációs fafigura,1489,Ft,,oszi-dekoracios-fa-figura-2005100601627-1-5k.png,2021-10-21 18:12:50.050113,tesco
Õszi fabagoly és gomba dísz,1489,Ft,,oszi-fa-bagoly-es-gomba-disz-2005100601611-1-5k.png,2021-10-21 18:12:50.050113,tesco
Õszi mókus piros díszben,1489,Ft,,oszi-mokus-piros-diszben-2005100601625-1-5k.png,2021-10-21 18:12:50.051110,tesco
Palette Intensive Color Creme hajfesték,899,Ft/db,,palette-intensive-color-creme-hajfestek-2004003181528-1-5k.png,2021-10-21 18:12:50.051110,tesco
Pampers Pure nedves babatörlõ kendõ multipack,1599,Ft/cs,1db=11.10Ft,pampers-3x42-48-4x52-db-os-nedves-baba-torlokendokre-2004020259067-1-5k.png,2021-10-21 18:12:50.052108,tesco
Pannónia darabolt sajt,649,Ft/cs,1kg=3245Ft,pannonia-vagy-karavan-darabolt-sajt-2004008636344-1-5k.png,2021-10-21 18:12:50.052108,tesco
Paprika lédig,69,Ft/db,1kg=699Ft,paprika-ledig-2004008251400.png,2021-10-21 18:12:50.053105,tesco
Parkolóház 5 jármûvel,7199,Ft/szett,,parkolohaz-5-jarmuvel-2005100371265-1-5k.png,2021-10-21 18:12:50.053105,tesco
Parodontax fogkrém,999,Ft/db,1l=13320Ft,parodontax-fogkremekre-2004020288602-1-5k.png,2021-10-21 18:12:50.054103,tesco
Pécsi Prémium üveges gluténmentes sör,269,Ft,1l=1118Ft,pecsi-premium-uveges-glutenmentes-sor-2004020257191-1-5k.png,2021-10-21 18:12:50.054103,tesco
Peppa pénztárgép és bevásárló kocsi,6799,Ft/szett,,peppa-penztargep-es-bevasarlo-kocsi-2005100496872-1-5k.png,2021-10-21 18:12:50.055099,tesco
Perfect Fit száraz macskaeledel,1199,Ft/cs,1kg=1599Ft,perfect-fit-szaraz-macskaeledel-2004010551116-1-5k.png,2021-10-21 18:12:50.055099,tesco
"Pet Specialist állateledel felnõtt macskák számára, falatkák csirkével és borjúval szószban 415 g",179,Ft/db,1kg=431.33Ft,pet-specialist-allateledel-felnott-macskak-szamara-falatkak-csirkevel-es-borjuval-szoszban-415-g-2005100429184.jpg,2021-10-21 18:12:50.056097,tesco
Pet Specialist száraz kutyaeledel,2549,Ft,1kg=255Ft,pet-specialist-szaraz-kutyaeledel-2005100429442-1-5k.png,2021-10-21 18:12:50.056097,tesco
Philips BG3010/15 Testszõrnyíró,7499,Ft,,philips-bg3010-15-testszornyiro-2005100597594-1-5k.png,2021-10-21 18:12:50.057094,tesco
PICK Füst ízesítésû párizsi,199,Ft/db,1kg=1990Ft,pick-fust-izesitesu-parizsi-2004120386455.png,2021-10-21 18:12:50.057094,tesco
Pick Harmónia párizsi,599,Ft/db,1kg=1498Ft,pick-harmonia-parizsi-2004020298093-1-5k.png,2021-10-21 18:12:50.058092,tesco
Pick Rákóczi szalámi,2199,Ft/db,1kg=5498Ft,pick-rakoczi-szalami-2004010109263-2-5k.png,2021-10-21 18:12:50.058092,tesco
PICK Sertés párizsi,199,Ft/db,1kg=1990Ft,pick-sertes-parizsi-2004005959255.png,2021-10-21 18:12:50.059089,tesco
Pick sertés- vagy füstízû párizsi,589,Ft/db,1kg=1923Ft,pick-sertes-vagy-fust-izu-parizsi-2004010933899-2-5k.png,2021-10-21 18:12:50.059089,tesco
Pick szalametti,399,Ft/cs,1kg=5700Ft,pick-szalametti-2004020316638-1-5k.png,2021-10-21 18:12:50.060086,tesco
Pick viaszos majorannás vagy borjúmájas,199,Ft/10dkg,1kg=1990Ft,pick-viaszos-majorannas-vagy-borjumajas-2004002912758-1-5k.png,2021-10-21 18:12:50.060086,tesco
Pilóta piskótatallér,299,Ft/cs,1kg=2034Ft,pilota-piskotataller-2004008899046-1-5k.png,2021-10-21 18:12:50.061084,tesco
Pilsner Urquell dobozos világos sör,289,Ft/db,,,2021-10-21 18:12:50.061084,tesco
Piros burgonya,795,Ft/cs,1kg=159Ft,piros-burgonya-2004008296234-2-5k.png,2021-10-21 18:12:50.062081,tesco
Piros újburgonya,44,Ft/db,1kg=299Ft,piros-ujburgonya-2004006078894.png,2021-10-21 18:12:50.062081,tesco
Play-Doh gyurmakészlet,1099,Ft/cs,1db=275Ft,szamos-play-doh-gyurmara-2005118038837-1-5k.png,2021-10-21 18:12:50.063078,tesco
Pölöskei diabetikus szörp,349,Ft,l=349.00Ft,poloskei-szorp-2004120587804-1-5k.png,2021-10-21 18:12:50.063078,tesco
Pöttyös bonbon halloweencsomagolásban,669,Ft/cs,1kg=4181Ft,pottyos-bonbon-halloween-csomagolasban-2004020317282-1-5k.png,2021-10-21 18:12:50.064075,tesco
Président szeletelt Cheddar sajt,429,Ft/cs,1kg=4290Ft,president-szeletelt-sajt-2004010083365-2-5k.png,2021-10-21 18:12:50.065073,tesco
Prevital alutasakos macskaeledel multipack,899,Ft/cs,1kg=749Ft,prevital-alutasakos-macskaeledel-multipack-2005100501229-1-5k.png,2021-10-21 18:12:50.065073,tesco
Privát parasztkolbász,999,Ft/cs,1kg=2498Ft,privat-parasztkolbasz-2004020275699-1-5k.png,2021-10-21 18:12:50.066070,tesco
"Pure Star Original vodka 37,5% 500 ml",1999,Ft/db,1l=3998Ft,pure-star-original-vodka-37-5-500-ml-2004020154404.png,2021-10-21 18:12:50.067068,tesco
Raffaello vagy Mon Chéri likõrös cseresznye desszert,299,Ft,,raffaello-desszert-2004008188492-1-5k.png,2021-10-21 18:12:50.067068,tesco
Rama téglamargarin,599,Ft,1kg=1198Ft,rama-teglamargarin-2004003137631-1-5k.png,2021-10-21 18:12:50.068065,tesco
Rastinger alkoholmentes világos sör 500 ml,195,Ft/db,1l=390Ft,rastinger-alkoholmentes-vilagos-sor-500-ml-2004020292150.jpg,2021-10-21 18:12:50.068065,tesco
Rastinger citromízû szénsavas üdítõital és alkoholmentes világos sör keveréke 500 ml,195,Ft/db,1l=390Ft,rastinger-citromizu-szensavas-uditoital-es-alkoholmentes-vilagos-sor-kevereke-500-ml-2004020292151.png,2021-10-21 18:12:50.068065,tesco
Rastinger grapefruitízû szénsavas üdítõital és alkoholmentes világos sör keveréke 500 ml,195,Ft/db,1l=390Ft,rastinger-grapefruitizu-szensavas-uditoital-es-alkoholmentes-vilagos-sor-kevereke-500-ml-2004020292149.jpg,2021-10-21 18:12:50.069062,tesco
Rastinger világos sör 4% 500 ml,179,Ft/db,1l=358Ft,rastinger-vilagos-sor-4-500-ml-2004020000200.png,2021-10-21 18:12:50.069062,tesco
"Rastinger világos sör 5,3% 500 ml",175,Ft/db,1l=350Ft,rastinger-vilagos-sor-5-3-500-ml-2004020078303.png,2021-10-21 18:12:50.070059,tesco
Rastinger világos sör 7% 500 ml,215,Ft/db,1l=430Ft,rastinger-vilagos-sor-7-500-ml-2004020078306.jpg,2021-10-21 18:12:50.070059,tesco
Real Nature laktózmentes joghurtital,269,Ft,1kg=897Ft,real-nature-laktozmentes-joghurtital-2004020284671-1-5k.png,2021-10-21 18:12:50.071057,tesco
Red Bull energiaital,339,Ft,1l=1356Ft,red-bull-energiaital-2004006147408-1-5k.png,2021-10-21 18:12:50.071057,tesco
Regina háztartási papírtörlõ,799,Ft,,regina-haztartasi-papirtorlo-2004020256171-1-5k.png,2021-10-21 18:12:50.072054,tesco
"Rexona dezodorspray, roll-on vagy stift",559,Ft/db,,rexona-dezodorspray-roll-on-vagy-stift-2004009975626-1-5k.png,2021-10-21 18:12:50.073051,tesco
RH6973WO 22V Vezeték nélküli rúdporszívó,29990,Ft,,rh6973wo-22v-vezetek-nelkuli-rudporszivo-2005100611054-1-5k.png,2021-10-21 18:12:50.073051,tesco
Rice Up! puffasztott teljes kiõrlésû barnarizs-szelet,199,Ft,1kg=1658Ft,rice-up-puffasztott-barna-rizs-szeletek-2004020262407-1-5k.png,2021-10-21 18:12:50.074049,tesco
Riondo Millesimato Prosecco,2199,Ft,1l=2932Ft,riondo-millesimato-prosecco-0-75l-2004020321387-1-5k.png,2021-10-21 18:12:50.074049,tesco
Riska félzsíros sajt,979,Ft/cs,1kg=1399Ft,riska-felzsiros-sajt-2004020314804-2-5k.png,2021-10-21 18:12:50.075046,tesco
Rowenta RO2913 porszívó,15990,Ft,,rowenta-ro2913-bagless-vacuum-2005100611056-1-5k.png,2021-10-21 18:12:50.076044,tesco
Rózsacsokor,1699,Ft/csokor,szál=154Ft,rozsacsokor-2004009603543-1-5k.png,2021-10-21 18:12:50.076044,tesco
Rózsával díszitett temetõi mécses,599,Ft,,rozsaval-diszitett-temetoi-mecses-2005100601515-1-5k.png,2021-10-21 18:12:50.077041,tesco
Sága füstli,299,Ft/cs,1kg=2136Ft,saga-fustli-2004006042673-1-5k.png,2021-10-21 18:12:50.077041,tesco
Sága selyemsonka,319,Ft/cs,1kg=3190Ft,saga-selyemsonka-2004010299964-1-5k.png,2021-10-21 18:12:50.078038,tesco
Schauma sampon,859,Ft/db,,,2021-10-21 18:12:50.078038,tesco
Schweppes szénsavas üdítõital,299,Ft/db,1l=199Ft,schweppes-szensavas-uditoital-2004003205217-1-5k.png,2021-10-21 18:12:50.079035,tesco
Sertés comb,149,Ft/db,1kg=1499Ft,sertes-comb-2004007357660.png,2021-10-21 18:12:50.079035,tesco
Sertés lapocka,144,Ft/db,1kg=1449Ft,sertes-lapocka-2004007357707.png,2021-10-21 18:12:50.080033,tesco
Seventh Generation mosógél,1499,Ft,,7th-generation-termekekre-2004020256159-1-5k.png,2021-10-21 18:12:50.080033,tesco
Silverlit A-bot X robot,8999,Ft/szett,,silverlit-a-bot-x-robot-2005100497034-2-5k.png,2021-10-21 18:12:50.081030,tesco
Silverlit távirányítós drón,8399,Ft,,silverlit-taviranyitos-dron-2005100373116-1-5k.png,2021-10-21 18:12:50.082028,tesco
Sir Morton filteres tea,279,Ft/cs,,sir-morton-teak-14-2004006480444-1-5k.png,2021-10-21 18:12:50.082028,tesco
Soldier Force katonai jármûvek játékszett,9699,Ft/szett,,soldier-force-katonai-jarmuvek-jatekszett-2005100489501-1-5k.png,2021-10-21 18:12:50.083026,tesco
Somersby üveges cider,299,Ft/db,,,2021-10-21 18:12:50.084022,tesco
Soproni dobozos világos sör multipack,1429,Ft/cs,1l=476Ft,soproni-dobozos-vilagos-sor-multipack-2004120232188-1-5k.png,2021-10-21 18:12:50.084022,tesco
Special Reserve Blended Scotch whisky 40% 70 cl,3499,Ft/db,1l=4998.57Ft,special-reserve-blended-scotch-whisky-40-70-cl-2004020064405.png,2021-10-21 18:12:50.085020,tesco
Springforce alumínium fólia 20 m,299,Ft/db,1m=14.95Ft,springforce-aluminium-folia-20-m-2005100501255.png,2021-10-21 18:12:50.085020,tesco
Springforce toalett papír 3 rétegû 8 tekercs,799,Ft/db,1db=99.88Ft,springforce-toalett-papir-3-retegu-8-tekercs-2004020263209.png,2021-10-21 18:12:50.086017,tesco
Springforce toalett papír kamilla illattal 3 rétegû 8 tekercs,799,Ft/db,1db=99.88Ft,springforce-toalett-papir-kamilla-illattal-3-retegu-8-tekercs-2004020263212.png,2021-10-21 18:12:50.086017,tesco
Springforce univerzális mosópor 48 mosás 6 kg,1999,Ft/db,1kg=333.17Ft,springforce-univerzalis-mosopor-48-mosas-6-kg-2005100241582.jpg,2021-10-21 18:12:50.087014,tesco
St. Hubertus likõr,3589,Ft/db,1l=5127Ft,st-hubertus-likor-0-7l-2004009755280-1-5k.png,2021-10-21 18:12:50.087014,tesco
Starbucks Dolce Gusto kompatibilis kávékapszula,1279,Ft/cs,,,2021-10-21 18:12:50.088011,tesco
Steampunk kalap,1999,Ft,,steampunk-kalap-2005100602151-1-5k.png,2021-10-21 18:12:50.088011,tesco
Steffl dobozos sör multipack,1299,Ft/cs,1l=433Ft,steffl-dobozos-sor-multipack-2004020300380-1-5k.png,2021-10-21 18:12:50.089009,tesco
Stockwell & Co. aprított tonhal növényi olajban és sós lében 185 g,465,Ft/db,1kg=3576.92Ft,stockwell-co-apritott-tonhal-novenyi-olajban-es-sos-leben-185-g-2005100396232.jpg,2021-10-21 18:12:50.089009,tesco
Stockwell & Co. aprított tonhal sós lében 185 g,465,Ft/db,1kg=3576.92Ft,stockwell-co-apritott-tonhal-sos-leben-185-g-2005100396231.png,2021-10-21 18:12:50.090006,tesco
"Stockwell & Co. azonnal oldódó, mogyoró ízû kávés italpor 100 g",145,Ft/db,1kg=1450Ft,stockwell-co-azonnal-oldodo-mogyoro-izu-kaves-italpor-100-g-2005100579763.jpg,2021-10-21 18:12:50.090006,tesco
"Stockwell & Co. azonnal oldódó, tejszín ízû kávés italpor 100 g",145,Ft/db,1kg=1450Ft,stockwell-co-azonnal-oldodo-tejszin-izu-kaves-italpor-100-g-2005100579765.jpg,2021-10-21 18:12:50.091004,tesco
"Stockwell & Co. azonnal oldódó, vanília ízû kávés italpor 100 g",145,Ft/db,1kg=1450Ft,stockwell-co-azonnal-oldodo-vanilia-izu-kaves-italpor-100-g-2005100579764.jpg,2021-10-21 18:12:50.091004,tesco
Stockwell & Co. bazsalikom 10 g,39,Ft/db,1kg=3900Ft,stockwell-co-bazsalikom-10-g-2005100415008.jpg,2021-10-21 18:12:50.092001,tesco
Stockwell & Co. Cappuccino azonnal oldódó kávés italpor 100 g,145,Ft/db,1kg=1450Ft,stockwell-co-cappuccino-azonnal-oldodo-kaves-italpor-100-g-2005100579766.jpg,2021-10-21 18:12:50.092001,tesco
Stockwell & Co. citrom és méz ízû fekete tea 20 filter 40 g,249,Ft/db,1kg=6225Ft,stockwell-co-citrom-es-mez-izu-fekete-tea-20-filter-40-g-2005100579770.jpg,2021-10-21 18:12:50.092998,tesco
Stockwell & Co. citrom ízû szénsavas üdítõital édesítõszerekkel 2 l,95,Ft/db,1l=47.5Ft,stockwell-co-citrom-izu-szensavas-uditoital-edesitoszerekkel-2-l-2004009534823.jpg,2021-10-21 18:12:50.092998,tesco
Stockwell & Co. egész kömény 40 g,89,Ft/db,1kg=2225Ft,stockwell-co-egesz-komeny-40-g-2005100415009.jpg,2021-10-21 18:12:50.092998,tesco
Stockwell & Co. egész szegfûbors 12 g,61,Ft/db,1kg=5083.33Ft,stockwell-co-egesz-szegfubors-12-g-2005100415016.jpg,2021-10-21 18:12:50.093995,tesco
Stockwell & Co. fagyasztva szárított instant kávé 200 g,1199,Ft/db,1kg=5995Ft,stockwell-co-fagyasztva-szaritott-instant-kave-200-g-2005100429515.jpg,2021-10-21 18:12:50.093995,tesco
Stockwell & Co. granulált instant kávé 200 g,1199,Ft/db,1kg=5995Ft,stockwell-co-granulalt-instant-kave-200-g-2005100429496.png,2021-10-21 18:12:50.094993,tesco
Stockwell & Co. II. osztályú csípõs fûszerpaprika õrlemény 20 g,60,Ft/db,1kg=3000Ft,stockwell-co-ii-osztalyu-csipos-fuszerpaprika-orlemeny-20-g-2005100415015.jpg,2021-10-21 18:12:50.094993,tesco
Stockwell & Co. kóla ízû szénsavas üdítõital édesítõszerekkel 2 l,95,Ft/db,1l=47.5Ft,stockwell-co-kola-izu-szensavas-uditoital-edesitoszerekkel-2-l-2004009534861.jpg,2021-10-21 18:12:50.095990,tesco
Stockwell & Co. majoranna 8 g,39,Ft/db,1kg=4875Ft,stockwell-co-majoranna-8-g-2005100415006.jpg,2021-10-21 18:12:50.095990,tesco
Stockwell & Co. narancs ízû szénsavas üdítõital édesítõszerekkel 2 l,95,Ft/db,1l=47.5Ft,stockwell-co-narancs-izu-szensavas-uditoital-edesitoszerekkel-2-l-2004120148357.jpg,2021-10-21 18:12:50.096987,tesco
Stockwell & Co. õrölt feketebors 20 g,99,Ft/db,1kg=4950Ft,stockwell-co-orolt-feketebors-20-g-2005100415007.png,2021-10-21 18:12:50.096987,tesco
Stockwell & Co. tonik ízû szénsavas üdítõital édesítõszerekkel 2 l,95,Ft/db,1l=47.5Ft,stockwell-co-tonik-izu-szensavas-uditoital-edesitoszerekkel-2-l-2004009534854.jpg,2021-10-21 18:12:50.097984,tesco
Strasszkövek arcra,639,Ft/cs,,ontap-strassz-kovek-arcra-x3-2005100601606-1-5k.png,2021-10-21 18:12:50.097984,tesco
Stretchapalz nyújtható figura,2499,Ft,,stretchapalz-nyujthato-figura-2005100601514-1-5k.png,2021-10-21 18:12:50.098982,tesco
Sündisznó dekoráció,1199,Ft/db,,sundiszno-dekoracio-2005100603464-1-5k.png,2021-10-21 18:12:50.098982,tesco
Sündisznós koszorú,4999,Ft,,sundisznos-koszoru-2005100498195-1-5k.png,2021-10-21 18:12:50.099980,tesco
Szalon dobozos világos sör,209,Ft,1l=418Ft,szalon-dobozos-vilagos-sor-2004007942354-1-5k.png,2021-10-21 18:12:50.100977,tesco
Szarvasi mozzarella sajt,219,Ft/cs,1kg=2190Ft,szarvasi-mozzarella-sajt-2004008025933-2-5k.png,2021-10-21 18:12:50.104966,tesco
Szeletelt nagydobosi sütõtök,279,Ft/db,,magyar-szeletelt-nagydobosi-sutotok-2004008244686-1-5k.png,2021-10-21 18:12:50.105963,tesco
Szénhidrátcsökkentett vekni 300 g,395,Ft/db,1kg=1316.67Ft,szenhidratcsokkentett-vekni-300-g-2004020272345.png,2021-10-21 18:12:50.105963,tesco
"Taft hajlakk, hajhab és hajformázó",799,Ft/db,,,2021-10-21 18:12:50.106961,tesco
"Tefal Express wok, Tefal Daily Cook indukciós serpenyõ",5999,Ft/db,,tefal-daily-cook-indukcios-serpenyo-2005100627952-1-5k.png,2021-10-21 18:12:50.106961,tesco
Téli mikroflanel takaró,4859,Ft/db,,teli-mikroflanel-takaro-2005100602919-1-5k.png,2021-10-21 18:12:50.107958,tesco
Temetõi mécses,749,Ft,,temetoi-mecses-2005100499590-1-5k.png,2021-10-21 18:12:50.108956,tesco
Temetõi mécses (200 g),959,Ft,,temetoi-mecses-2005100498204-1-5k.png,2021-10-21 18:12:50.108956,tesco
Tento háztartási papírtörlõ,699,Ft/cs,1db=400Ft,tento-haztartasi-papirtorlo-2004120575824-1-5k.png,2021-10-21 18:12:50.109953,tesco
Termo-Kreka kandalló,37990,Ft,magasság×szélességxmélység,termo-kreka-kandallo-2004020017433-1-5k.png,2021-10-21 18:12:50.109953,tesco
"Tesco ""A"" minõségû, hosszú szemû rizs 1 kg",369,Ft/db,1kg=369Ft,tesco-2005100501435.jpg,2021-10-21 18:12:50.110950,tesco
Tesco 100% almalé 1 l,269,Ft/db,1l=269Ft,tesco-100-almale-1-l-2004008962184.png,2021-10-21 18:12:50.111947,tesco
Tesco 100% narancslé 1 l,339,Ft/db,1l=339Ft,tesco-100-narancsle-1-l-2004120098824.png,2021-10-21 18:12:50.111947,tesco
Tesco 30% UHT habtejszín 250 ml,229,Ft/db,1l=916Ft,tesco-30-uht-habtejszin-250-ml-2004010616051.jpg,2021-10-21 18:12:50.112945,tesco
"Tesco alma-bogyósgyümölcsital cukorral és édesítõszerrel 1,5 l",229,Ft/db,1l=152.67Ft,tesco-alma-bogyosgyumolcsital-cukorral-es-edesitoszerrel-1-5-l-2004020173562.png,2021-10-21 18:12:50.112945,tesco
"Tesco alma-õszibarack gyümölcsital cukorral és édesítõszerrel 1,5 l",229,Ft/db,1l=152.67Ft,tesco-alma-oszibarack-gyumolcsital-cukorral-es-edesitoszerrel-1-5-l-2004020173565.png,2021-10-21 18:12:50.113942,tesco
Tesco almaszörp 700 ml,419,Ft/db,1l=598.57Ft,tesco-almaszorp-700-ml-2004120220899.png,2021-10-21 18:12:50.113942,tesco
Tesco Aqua/Ocean lap illatosító,249,Ft/db,1db=249Ft,tesco-aqua-ocean-lap-illatosito-2005118287907.png,2021-10-21 18:12:50.113942,tesco
"Tesco aromatizált, filteres fekete tea mangó és õszibarack ízesítéssel 20 filter 36 g",265,Ft/db,1db=13.25Ft,tesco-aromatizalt-filteres-fekete-tea-mango-es-oszibarack-izesitessel-20-filter-36-g-2005100586924.jpg,2021-10-21 18:12:50.114940,tesco
Tesco ásványvíz,69,Ft/db,1l=46Ft,tesco-asvanyviz-2004020216781-1-5k.png,2021-10-21 18:12:50.114940,tesco
Tesco azonnal oldódó kakaós italpor hozzáadott vitaminokkal és ásványi anyagokkal 800 g,799,Ft/db,1kg=998.75Ft,tesco-azonnal-oldodo-kakaos-italpor-hozzaadott-vitaminokkal-es-asvanyi-anyagokkal-800-g-2005100241927.png,2021-10-21 18:12:50.115937,tesco
Tesco bacon ízû kenhetõ krém májjal 100 g,135,Ft/db,1kg=1350Ft,tesco-bacon-izu-kenheto-krem-majjal-100-g-2004020201866.png,2021-10-21 18:12:50.116934,tesco
Tesco Basics piros kézi seprû és szemétlapát szett,399,Ft/db,1db=399Ft,tesco-basics-piros-kezi-sepru-es-szemetlapat-szett-2005100420955.png,2021-10-21 18:12:50.116934,tesco
Tesco bodzavirág ízesítésû gyümölcsszörp 700 ml,419,Ft/db,1l=598.57Ft,tesco-bodzavirag-izesitesu-gyumolcsszorp-700-ml-2004010404658.png,2021-10-21 18:12:50.116934,tesco
Tesco borsos kenhetõ krém májjal 100 g,135,Ft/db,1kg=1350Ft,tesco-borsos-kenheto-krem-majjal-100-g-2004020201858.png,2021-10-21 18:12:50.117931,tesco
Tesco bulgur 500 g,299,Ft/db,1kg=598Ft,tesco-bulgur-500-g-2005100547250.jpg,2021-10-21 18:12:50.117931,tesco
"Tesco Camembert fehér nemespenésszel érõ lágy, zsíros sajt 120 g",289,Ft/db,1kg=2408.33Ft,tesco-camembert-feher-nemespenesszel-ero-lagy-zsiros-sajt-120-g-2004120350324.jpg,2021-10-21 18:12:50.118929,tesco
"Tesco Camembert fehér nemespenésszel érõ lágy, zsíros sajt zöldborssal 120 g",289,Ft/db,1kg=2408.33Ft,tesco-camembert-feher-nemespenesszel-ero-lagy-zsiros-sajt-zoldborssal-120-g-2004120350330.jpg,2021-10-21 18:12:50.118929,tesco
Tesco Candy Carneval gumicukorka,149,Ft/db,1kg=1490Ft,tesco-gumicukor-2005100378770-1-1k.png,2021-10-21 18:12:50.119926,tesco
Tesco Candy Carnival Jelly Shapes gyümölcsízû gumicukor 500 g,699,Ft/db,1kg=1398Ft,tesco-candy-carnival-jelly-shapes-gyumolcsizu-gumicukor-500-g-2005100378782.jpg,2021-10-21 18:12:50.119926,tesco
Tesco Chardonnay száraz fehérbor 750 ml,579,Ft/db,1l=772Ft,tesco-chardonnay-szaraz-feherbor-750-ml-2004008592961.jpg,2021-10-21 18:12:50.120923,tesco
Tesco citromízû krémmel töltött ostya 225 g,305,Ft/db,1kg=1355.56Ft,tesco-citromizu-kremmel-toltott-ostya-225-g-2005100605051.jpg,2021-10-21 18:12:50.120923,tesco
Tesco Classic pörkölt szemes kávé 1 kg,3199,Ft/db,1kg=3199Ft,tesco-classic-porkolt-szemes-kave-1-kg-2005100429522.png,2021-10-21 18:12:50.121920,tesco
"Tesco Classic pörkölt, õrölt kávé 250 g",699,Ft/db,1kg=2796Ft,tesco-classic-porkolt-orolt-kave-250-g-2005100429505.png,2021-10-21 18:12:50.121920,tesco
Tesco Cool Coconut kókuszos szelet tejcsokoládéba mártva 2 x 25 g (50 g),99,Ft/db,1kg=1980Ft,tesco-cool-coconut-kokuszos-szelet-tejcsokoladeba-martva-2-x-25-g-50-g-2005100429255.jpg,2021-10-21 18:12:50.122918,tesco
"Tesco Crema pörkölt, õrölt kávé 250 g",699,Ft/db,1kg=2796Ft,tesco-crema-porkolt-orolt-kave-250-g-2005100429521.jpg,2021-10-21 18:12:50.122918,tesco
"Tesco Crema pörkölt, szemes kávé 1 kg",3199,Ft/db,1kg=3199Ft,tesco-crema-porkolt-szemes-kave-1-kg-2005100429524.png,2021-10-21 18:12:50.123916,tesco
Tesco croissant epres töltelékkel 60 g,139,Ft/db,1kg=2316.67Ft,tesco-croissant-epres-toltelekkel-60-g-2005100429286.jpg,2021-10-21 18:12:50.123916,tesco
Tesco croissant kakaós és vaníliaízû töltelékkel 60 g,139,Ft/db,1kg=2316.67Ft,tesco-croissant-kakaos-es-vaniliaizu-toltelekkel-60-g-2005100429288.jpg,2021-10-21 18:12:50.123916,tesco
Tesco croissant kakaós töltelékkel 60 g,139,Ft/db,1kg=2316.67Ft,tesco-croissant-kakaos-toltelekkel-60-g-2005100429287.jpg,2021-10-21 18:12:50.124913,tesco
Tesco csabai szeletelt szárazkolbász 100 g,449,Ft/db,1kg=4490Ft,tesco-csabai-szeletelt-szarazkolbasz-100-g-2004009883723.png,2021-10-21 18:12:50.124913,tesco
Tesco cseresznyés joghurt 150 g,135,Ft/db,1kg=900Ft,tesco-cseresznyes-joghurt-150-g-2004120394255.png,2021-10-21 18:12:50.125910,tesco
Tesco Cserszegi Fûszeres félédes fehérbor 750 ml,529,Ft/db,1l=705.33Ft,tesco-cserszegi-fuszeres-feledes-feherbor-750-ml-2004120496779.jpg,2021-10-21 18:12:50.125910,tesco
Tesco csiperkegomba,649,Ft/cs,1kg=1298Ft,tesco-csiperkegomba-2004003277597-1-5k.png,2021-10-21 18:12:50.126907,tesco
Tesco csípõspaprikás ömlesztett sajt 8 db 140 g,199,Ft/db,1kg=1421.43Ft,tesco-csipospaprikas-omlesztett-sajt-8-db-140-g-2004120350301.png,2021-10-21 18:12:50.126907,tesco
Tesco csokoládé jégkrém csokoládédarabokkal 900 ml,809,Ft/db,1l=898.89Ft,tesco-csokolade-jegkrem-csokoladedarabokkal-900-ml-2005100569945.jpg,2021-10-21 18:12:50.127905,tesco
Tesco cukormázzal bevont puszedli 200 g,255,Ft/db,1kg=1275Ft,tesco-cukormazzal-bevont-puszedli-200-g-2005100429293.jpg,2021-10-21 18:12:50.127905,tesco
Tesco cukormentes szénsavas energiaital édesítõszerrel 250 ml,109,Ft/db,1l=436Ft,tesco-cukormentes-szensavas-energiaital-edesitoszerrel-250-ml-2004020181862.png,2021-10-21 18:12:50.128902,tesco
Tesco darált háztartási keksz 500 g,299,Ft/db,1kg=598Ft,tesco-daralt-haztartasi-keksz-500-g-2004010112485.png,2021-10-21 18:12:50.128902,tesco
Tesco darált magyar pulykaalsócomb-filé,499,Ft/cs,1kg=998Ft,tesco-daralt-pulykaalsocomb-file-2004008919348-2-5k.png,2021-10-21 18:12:50.128902,tesco
Tesco darált marhahús 500 g,1169,Ft/db,1kg=2338Ft,tesco-daralt-marhahus-500-g-2004008498492.png,2021-10-21 18:12:50.129899,tesco
Tesco darált sertéshús 500 g,799,Ft/db,1kg=1598Ft,tesco-daralt-serteshus-500-g-2004008498690.png,2021-10-21 18:12:50.129899,tesco
Tesco Dine szalvéta barna 1 rétegû 30 cm x 30 cm 100 db,169,Ft/db,1db=1.69Ft,tesco-dine-szalveta-barna-1-retegu-30-cm-x-30-cm-100-db-2005100358558.jpg,2021-10-21 18:12:50.130896,tesco
Tesco Dine szalvéta rózsaszín 1 rétegû 30 cm x 30 cm 100 db,169,Ft/db,1db=1.69Ft,tesco-dine-szalveta-rozsaszin-1-retegu-30-cm-x-30-cm-100-db-2005100358559.jpg,2021-10-21 18:12:50.130896,tesco
Tesco egész szelet tonhal növényi olajban 3 db 240 g,849,Ft/db,1kg=5442.31Ft,tesco-egesz-szelet-tonhal-novenyi-olajban-3-db-240-g-2005100396238.jpg,2021-10-21 18:12:50.131894,tesco
Tesco egész szelet tonhal olívaolajban 3 db 240 g,849,Ft/db,1kg=5442.31Ft,tesco-egesz-szelet-tonhal-olivaolajban-3-db-240-g-2005100396236.jpg,2021-10-21 18:12:50.131894,tesco
Tesco egész szelet tonhal saját lében 3 db 240 g,849,Ft/db,1kg=5053.57Ft,tesco-egesz-szelet-tonhal-sajat-leben-3-db-240-g-2005100396233.jpg,2021-10-21 18:12:50.132892,tesco
"Tesco energiamentes málnaízû szénsavas üdítõital 1,5 l",89,Ft/db,1l=59.33Ft,tesco-energiamentes-malnaizu-szensavas-uditoital-1-5-l-2004020297960.jpg,2021-10-21 18:12:50.132892,tesco
"Tesco energiamentes mangó-maracuja ízû szénsavas üdítõital 1,5 l",89,Ft/db,1l=59.33Ft,tesco-energiamentes-mango-maracuja-izu-szensavas-uditoital-1-5-l-2004020297961.jpg,2021-10-21 18:12:50.133889,tesco
"Tesco energiamentes szénsavas citromízû üdítõital 1,5 l",89,Ft/db,1l=59.33Ft,tesco-energiamentes-szensavas-citromizu-uditoital-1-5-l-2004020296157.jpg,2021-10-21 18:12:50.133889,tesco
"Tesco energiamentes szénsavas erdei gyümölcs ízû üdítõital 1,5 l",89,Ft/db,1l=59.33Ft,tesco-energiamentes-szensavas-erdei-gyumolcs-izu-uditoital-1-5-l-2004020296158.jpg,2021-10-21 18:12:50.134886,tesco
"Tesco eperízû jégkrém epres szósszal, fehér csokoládé bevonattal, ropogós gabonákkal 120 ml",199,Ft/db,1l=1658.33Ft,tesco-eperizu-jegkrem-epres-szosszal-feher-csokolade-bevonattal-ropogos-gabonakkal-120-ml-2005100568142.jpg,2021-10-21 18:12:50.134886,tesco
Tesco eperszörp 700 ml,419,Ft/db,1l=598.57Ft,tesco-eperszorp-700-ml-2004010404634.png,2021-10-21 18:12:50.135883,tesco
"Tesco ESL félzsíros tej 2,8% 1 l",219,Ft/db,1l=219Ft,tesco-esl-felzsiros-tej-2-8-1-l-2004009847343.png,2021-10-21 18:12:50.136881,tesco
"Tesco Espresso pörkölt, õrölt kávé 250 g",699,Ft/db,1kg=2796Ft,tesco-espresso-porkolt-orolt-kave-250-g-2005100429519.png,2021-10-21 18:12:50.136881,tesco
Tesco ételecet 20% 1 l,199,Ft/db,1l=199Ft,tesco-etelecet-20-1-l-2004120601846.png,2021-10-21 18:12:50.137878,tesco
Tesco ételízesítõ 1 kg,1289,Ft/db,1kg=1289Ft,tesco-etelizesito-1-kg-2005100414812.jpg,2021-10-21 18:12:50.137878,tesco
Tesco étkezési feles sárgaborsó 500 g,189,Ft/db,1kg=378Ft,tesco-etkezesi-feles-sargaborso-500-g-2005100547246.png,2021-10-21 18:12:50.137878,tesco
Tesco étkezési mák 200 g,405,Ft/db,1kg=2025Ft,tesco-etkezesi-mak-200-g-2005100241777.png,2021-10-21 18:12:50.138876,tesco
Tesco Extra Classic félzsíros margarin 40% 500 g,279,Ft/db,1kg=558Ft,tesco-extra-classic-felzsiros-margarin-40-500-g-2004120304484.jpg,2021-10-21 18:12:50.138876,tesco
Tesco extraszûz olívaolaj 750 ml,1799,Ft/db,1l=2398.67Ft,tesco-extraszuz-olivaolaj-750-ml-2005100241947.png,2021-10-21 18:12:50.139873,tesco
"Tesco félkész, hûtött leveles tészta 275 g",299,Ft/db,1kg=1087.27Ft,tesco-felkesz-hutott-leveles-teszta-275-g-2004020281596.png,2021-10-21 18:12:50.139873,tesco
Tesco félzsíros rögös túró 500 g,499,Ft/db,1kg=998Ft,tesco-felzsiros-rogos-turo-500-g-2004020155901.png,2021-10-21 18:12:50.140870,tesco
Tesco filteres tea,185,Ft/cs,,tesco-filteres-tea-2005100579779-1-5k.png,2021-10-21 18:12:50.140870,tesco
Tesco finest mag vagy csokoládéval bevont mag,939,Ft,1kg=8393Ft,tesco-finest-150-g-os-magvakra-es-csokoladeval-bevont-magvakra-2005100397076-1-5k.png,2021-10-21 18:12:50.141867,tesco
Tesco finomított napraforgó-étolaj 1 l,569,Ft/db,1l=569Ft,tesco-finomitott-napraforgo-etolaj-1-l-2004009768471.png,2021-10-21 18:12:50.141867,tesco
Tesco fokhagymás kenhetõ krém májjal 100 g,135,Ft/db,1kg=1350Ft,tesco-fokhagymas-kenheto-krem-majjal-100-g-2004020201863.png,2021-10-21 18:12:50.142865,tesco
Tesco földimogyorós kukoricasnack 125 g,155,Ft/db,1kg=1240Ft,tesco-foldimogyoros-kukoricasnack-125-g-2004020201020.png,2021-10-21 18:12:50.142865,tesco
Tesco fõtt sonka 100 g,379,Ft/db,1kg=3790Ft,tesco-fott-sonka-100-g-2004020289132.jpg,2021-10-21 18:12:50.143862,tesco
Tesco fõzõtasakos jázmin rizs,499,Ft/cs,1kg=998Ft,tesco-jazmin-rizs-fozozasakos-2004009682524-1-5k.png,2021-10-21 18:12:50.143862,tesco
Tesco Free From kakaós keksz vaníliaízû krémmel,599,Ft,1kg=3744Ft,tesco-free-from-kakaos-kremes-keksz-2005100377967-1-5k.png,2021-10-21 18:12:50.144859,tesco
"Tesco Free From laktózmentes zsíros, félkemény trappista sajt 700 g",1549,Ft/db,1kg=2212.86Ft,tesco-free-from-laktozmentes-zsiros-felkemeny-trappista-sajt-700-g-2004020307845.png,2021-10-21 18:12:50.144859,tesco
Tesco Free From száraztészta,599,Ft,1kg=1198Ft,tesco-free-from-szarazteszta-2005100242189-1-5k.png,2021-10-21 18:12:50.145856,tesco
"Tesco Free From UHT zsírszegény, laktózmentes tej 1,5% 1 l",309,Ft/db,1l=309Ft,tesco-free-from-uht-zsirszegeny-laktozmentes-tej-1-5-1-l-2004020311149.png,2021-10-21 18:12:50.145856,tesco
Tesco friss csirke alsócomb 600 g,529,Ft/db,1kg=881.67Ft,tesco-friss-csirke-alsocomb-600-g-2004120841481.png,2021-10-21 18:12:50.146854,tesco
Tesco friss csirke comb 650 g,479,Ft/db,1kg=736.92Ft,tesco-friss-csirke-comb-650-g-2004120841509.jpg,2021-10-21 18:12:50.146854,tesco
Tesco friss csirke felsõcomb 750 g,599,Ft/db,1kg=798.67Ft,tesco-friss-csirke-felsocomb-750-g-2004120841521.png,2021-10-21 18:12:50.146854,tesco
Tesco friss csirke mellfilé,1798,Ft/db,1kg=1499Ft,tesco-friss-csirke-mellfile-2004120497968.png,2021-10-21 18:12:50.147852,tesco
Tesco friss csirke mellfilé 500 g,999,Ft/db,1kg=1998Ft,tesco-friss-csirke-mellfile-500-g-2004120841550.png,2021-10-21 18:12:50.147852,tesco
Tesco friss csirke szárny 600 g,419,Ft/db,1kg=698.33Ft,tesco-friss-csirke-szarny-600-g-2004120841567.jpg,2021-10-21 18:12:50.148849,tesco
Tesco frissentartó fólia 30 m x 29 cm,149,Ft/db,1m=4.97Ft,tesco-frissentarto-folia-30-m-x-29-cm-2004020199193.png,2021-10-21 18:12:50.148849,tesco
Tesco füstízû pástétom sertésmájjal 100 g,135,Ft/db,1kg=1350Ft,tesco-fustizu-pastetom-sertesmajjal-100-g-2004020201868.png,2021-10-21 18:12:50.149847,tesco
Tesco gombaleves-kocka 12 db 120 g,275,Ft/db,1kg=2291.67Ft,tesco-gombaleves-kocka-12-db-120-g-2005100414559.jpg,2021-10-21 18:12:50.149847,tesco
Tesco gyorsfagyasztott aprított spenót 450 g,299,Ft/db,1kg=664.44Ft,tesco-gyorsfagyasztott-apritott-spenot-450-g-2005100579698.png,2021-10-21 18:12:50.150843,tesco
Tesco gyorsfagyasztott surimi rák ízû halrudacska 250 g,399,Ft/db,1kg=1596Ft,tesco-gyorsfagyasztott-surimi-rak-izu-halrudacska-250-g-2005100579816.png,2021-10-21 18:12:50.150843,tesco
"Tesco gyorsfagyasztott, elõsütött panírozott alaszkai tõkehalfilé 15 db 450 g",799,Ft/db,1kg=1775.56Ft,tesco-gyorsfagyasztott-elosutott-panirozott-alaszkai-tokehalfile-15-db-450-g-2005100579688.jpg,2021-10-21 18:12:50.151841,tesco
Tesco gyulai szeletelt szárazkolbász 100 g,449,Ft/db,1kg=4490Ft,tesco-gyulai-szeletelt-szarazkolbasz-100-g-2004009883730.png,2021-10-21 18:12:50.151841,tesco
Tesco hagymás kukoricasnack 125 g,155,Ft/db,1kg=1240Ft,tesco-hagymas-kukoricasnack-125-g-2004020199249.jpg,2021-10-21 18:12:50.152838,tesco
Tesco Hanging Card New Car autó légfrissítõ,249,Ft/db,1db=249Ft,tesco-hanging-card-new-car-auto-legfrissito-2005118421868.png,2021-10-21 18:12:50.152838,tesco
"Tesco Hi Tech elem ""AAA"" 4 db",449,Ft/db,1db=112.25Ft,tesco-hi-tech-elem-2004020197765.png,2021-10-21 18:12:50.153836,tesco
"Tesco Hi Tech elem ""AAA"" 8 db",599,Ft/db,1db=74.88Ft,tesco-hi-tech-elem-2004020197766.png,2021-10-21 18:12:50.153836,tesco
"Tesco Hi Tech elem ""D"" 2 db",749,Ft/db,1db=374.5Ft,tesco-hi-tech-elem-2004020197772.png,2021-10-21 18:12:50.154833,tesco
Tesco húskészítmény sertésmájtartalommal 100 g,135,Ft/db,1kg=1350Ft,tesco-huskeszitmeny-sertesmajtartalommal-100-g-2004020201867.png,2021-10-21 18:12:50.154833,tesco
"Tesco Ice Tea citrom ízû üdítõital fekete tea kivonattal 1,5 l",169,Ft/db,1l=112.67Ft,tesco-ice-tea-citrom-izu-uditoital-fekete-tea-kivonattal-1-5-l-2004009642313.png,2021-10-21 18:12:50.154833,tesco
"Tesco Ice Tea õszibarack ízû üdítõital fekete tea kivonattal 1,5 l",169,Ft/db,1l=112.67Ft,tesco-ice-tea-oszibarack-izu-uditoital-fekete-tea-kivonattal-1-5-l-2004009642443.png,2021-10-21 18:12:50.155830,tesco
Tesco instant borsóleves pirított kenyérkockákkal 23 g,89,Ft/db,1kg=3869.57Ft,tesco-instant-borsoleves-piritott-kenyerkockakkal-23-g-2005100414572.jpg,2021-10-21 18:12:50.155830,tesco
Tesco instant borsóleves pirított kenyérkockákkal és baconnel 22 g,89,Ft/db,1kg=4045.45Ft,tesco-instant-borsoleves-piritott-kenyerkockakkal-es-baconnel-22-g-2005100414574.jpg,2021-10-21 18:12:50.156827,tesco
Tesco instant csirkehúsleves tésztával 17 g,89,Ft/db,1kg=5235.29Ft,tesco-instant-csirkehusleves-tesztaval-17-g-2005100414568.jpg,2021-10-21 18:12:50.156827,tesco
Tesco instant fokhagymaleves pirított kenyérkockákkal 18 g,89,Ft/db,1kg=4944.44Ft,tesco-instant-fokhagymaleves-piritott-kenyerkockakkal-18-g-2005100414570.jpg,2021-10-21 18:12:50.157825,tesco
Tesco instant gombaleves pirított kenyérkockákkal 15 g,89,Ft/db,1kg=5933.33Ft,tesco-instant-gombaleves-piritott-kenyerkockakkal-15-g-2005100414569.jpg,2021-10-21 18:12:50.157825,tesco
Tesco instant paradicsomleves tésztával 20 g,89,Ft/db,1kg=4450Ft,tesco-instant-paradicsomleves-tesztaval-20-g-2005100414567.jpg,2021-10-21 18:12:50.158822,tesco
Tesco instant sajtleves pirított kenyérkockákkal 20 g,89,Ft/db,1kg=4450Ft,tesco-instant-sajtleves-piritott-kenyerkockakkal-20-g-2005100414573.jpg,2021-10-21 18:12:50.158822,tesco
Tesco instant tésztaleves csirkehús ízzel 62 g,86,Ft/db,1kg=1387.1Ft,tesco-instant-tesztaleves-csirkehus-izzel-62-g-2005100515156.png,2021-10-21 18:12:50.159819,tesco
Tesco Irsai Olivér száraz fehérbor 750 ml,579,Ft/db,1l=772Ft,tesco-irsai-oliver-szaraz-feherbor-750-ml-2004120496762.jpg,2021-10-21 18:12:50.159819,tesco
Tesco jégsaláta 350 g,499,Ft/db,1db=499Ft,tesco-jegsalata-350-g-2004008626147.png,2021-10-21 18:12:50.160816,tesco
Tesco Jumbo konyhai papírtörlõ 2 rétegû 1 tekercs,749,Ft/db,1db=749Ft,tesco-jumbo-konyhai-papirtorlo-2-retegu-1-tekercs-2004010599613.png,2021-10-21 18:12:50.160816,tesco
Tesco Jumbo konyhai papírtörlõ 3 rétegû 1 tekercs,999,Ft/db,1db=999Ft,tesco-jumbo-konyhai-papirtorlo-3-retegu-1-tekercs-2004020135676.png,2021-10-21 18:12:50.161814,tesco
Tesco kakaós krémmel töltött ostya 225 g,305,Ft/db,1kg=1355.56Ft,tesco-kakaos-kremmel-toltott-ostya-225-g-2005100605049.jpg,2021-10-21 18:12:50.161814,tesco
Tesco kefir 175 g,69,Ft/db,1kg=394.29Ft,tesco-kefir-175-g-2004009645178.png,2021-10-21 18:12:50.161814,tesco
Tesco Kékfrankos rosé száraz rosébor 750 ml,425,Ft/db,1l=566.67Ft,tesco-kekfrankos-rose-szaraz-rosebor-750-ml-2004007256109.png,2021-10-21 18:12:50.162812,tesco
Tesco Kékfrankos száraz vörösbor 750 ml,499,Ft/db,1l=665.33Ft,tesco-kekfrankos-szaraz-vorosbor-750-ml-2004120684597.jpg,2021-10-21 18:12:50.162812,tesco
"Tesco keksz gabonákkal, vörösáfonyával, hozzáadott kalciummal, magnéziummal és vassal 300 g",469,Ft/db,1kg=1563.33Ft,tesco-keksz-gabonakkal-vorosafonyaval-hozzaadott-kalciummal-magneziummal-es-vassal-300-g-2005100429298.png,2021-10-21 18:12:50.163809,tesco
Tesco kókuszízû és fehér csokoládé jégkrém mangó-maracuja szósszal fehér csokoládé bevonatban 120 ml,199,Ft/db,1l=1658.33Ft,tesco-kokuszizu-es-feher-csokolade-jegkrem-mango-maracuja-szosszal-feher-csokolade-bevonatban-120-ml-2005100588547.jpg,2021-10-21 18:12:50.163809,tesco
Tesco konyhai papírtörlõ 3 rétegû 2 tekercs,529,Ft/db,1db=264.5Ft,tesco-konyhai-papirtorlo-3-retegu-2-tekercs-2004010599606.png,2021-10-21 18:12:50.164806,tesco
Tesco kristálycukor 1 kg,239,Ft/db,1kg=239Ft,tesco-kristalycukor-1-kg-2004003168932.png,2021-10-21 18:12:50.164806,tesco
Tesco légfrissítõ aeroszol,349,Ft/db,1l=1163Ft,tesco-legfrissito-aeroszol-2005100501151-1-5k.png,2021-10-21 18:12:50.165803,tesco
"Tesco Luxury Blue Pearl textilöblítõ 60 mosás 1,8 l",719,Ft/db,1l=399.44Ft,tesco-luxury-blue-pearl-textiloblito-60-mosas-1-8-l-2004120673190.png,2021-10-21 18:12:50.166804,tesco
"Tesco Luxury Crystal Diamond textilöblítõ 60 mosás 1,8 l",719,Ft/db,1l=399.44Ft,tesco-luxury-crystal-diamond-textiloblito-60-mosas-1-8-l-2004120673184.png,2021-10-21 18:12:50.166804,tesco
"Tesco Luxury Gentle Touch textilöblítõ 60 mosás 1,8 l",719,Ft/db,1l=399.44Ft,tesco-luxury-gentle-touch-textiloblito-60-mosas-1-8-l-2004120673201.png,2021-10-21 18:12:50.167798,tesco
"Tesco Luxury Oriental Amber textilöblítõ 60 mosás 1,8 l",719,Ft/db,1l=399.44Ft,tesco-luxury-oriental-amber-textiloblito-60-mosas-1-8-l-2004120673178.png,2021-10-21 18:12:50.167798,tesco
"Tesco magozott, fekete olívabogyó 340 g",335,Ft/db,1kg=2055.21Ft,tesco-magozott-fekete-olivabogyo-340-g-2005100241547.jpg,2021-10-21 18:12:50.168795,tesco
Tesco málnaszörp 700 ml,419,Ft/db,1l=598.57Ft,tesco-malnaszorp-700-ml-2004010404665.png,2021-10-21 18:12:50.168795,tesco
Tesco mangó ízesítésû gyümölcsszörp 700 ml,419,Ft/db,1l=598.57Ft,tesco-mango-izesitesu-gyumolcsszorp-700-ml-2004010404627.png,2021-10-21 18:12:50.169793,tesco
Tesco marhahúsleves-kocka 12 db 120 g,275,Ft/db,1kg=2291.67Ft,tesco-marhahusleves-kocka-12-db-120-g-2005100414561.jpg,2021-10-21 18:12:50.169793,tesco
Tesco menta ízesítésû citromszörp 700 ml,419,Ft/db,1l=598.57Ft,tesco-menta-izesitesu-citromszorp-700-ml-2004120220922.png,2021-10-21 18:12:50.169793,tesco
Tesco Merlot édes vörösbor 750 ml,499,Ft/db,1l=665.33Ft,tesco-merlot-edes-vorosbor-750-ml-2004120815795.jpg,2021-10-21 18:12:50.170790,tesco
Tesco mikroszálas szivacskendõ 3 db,799,Ft/db,1db=266.33Ft,tesco-mikroszalas-szivacskendo-3-db-2004020204558.jpg,2021-10-21 18:12:50.170790,tesco
Tesco mini vaníliaízû karika kakaós bevonóval 800 g,1449,Ft/db,1kg=1811.25Ft,tesco-mini-vaniliaizu-karika-kakaos-bevonoval-800-g-2004120001116.jpg,2021-10-21 18:12:50.171787,tesco
Tesco mogyorós-kakaós kenhetõ krém 400 g,669,Ft/db,1kg=1672.5Ft,tesco-mogyoros-kakaos-kenheto-krem-400-g-2005100396832.png,2021-10-21 18:12:50.171787,tesco
Tesco mosogatószivacs 10 db,169,Ft/db,1db=16.9Ft,tesco-mosogatoszivacs-10-db-2004120494672.png,2021-10-21 18:12:50.172785,tesco
Tesco mozzarella,229,Ft/db,1kg=1832Ft,tesco-mozzarella-2004020024684-1-5k.png,2021-10-21 18:12:50.172785,tesco
Tesco Mozzarella gyorsfagyasztott pizzalap 353 g,485,Ft/db,1kg=1373.94Ft,tesco-mozzarella-gyorsfagyasztott-pizzalap-353-g-2005100579677.jpg,2021-10-21 18:12:50.173782,tesco
Tesco Muskotály félédes fehérbor 11% 750 ml,529,Ft/db,1l=705.33Ft,tesco-muskotaly-feledes-feherbor-11-750-ml-2004008592978.jpg,2021-10-21 18:12:50.173782,tesco
Tesco mustár 500 g,279,Ft/db,1kg=558Ft,tesco-mustar-500-g-2005100515738.png,2021-10-21 18:12:50.174779,tesco
Tesco natúr ömlesztett sajt 8 db 140 g,199,Ft/db,1kg=1421.43Ft,tesco-natur-omlesztett-sajt-8-db-140-g-2004120350290.png,2021-10-21 18:12:50.174779,tesco
Tesco nyári turista 500 g,949,Ft/db,1kg=1898Ft,tesco-nyari-turista-500-g-2004008017938.png,2021-10-21 18:12:50.174779,tesco
Tesco olasz extra szûz olívaolaj 500 ml,1419,Ft/db,1l=2838Ft,tesco-olasz-extra-szuz-olivaolaj-500-ml-2005100241826.png,2021-10-21 18:12:50.175777,tesco
Tesco Olaszrizling száraz fehérbor 750 ml,579,Ft/db,1l=772Ft,tesco-olaszrizling-szaraz-feherbor-750-ml-2004120496566.jpg,2021-10-21 18:12:50.175777,tesco
Tesco ostya csokoládés töltelékkel 47 g,69,Ft/db,1kg=1468.09Ft,tesco-ostya-csokolades-toltelekkel-47-g-2004020226932.png,2021-10-21 18:12:50.176774,tesco
Tesco ostya kakaós töltelékkel 180 g,159,Ft/db,1kg=883.33Ft,tesco-ostya-kakaos-toltelekkel-180-g-2005100429301.png,2021-10-21 18:12:50.176774,tesco
Tesco ostya mogyorós töltelékkel 180 g,159,Ft/db,1kg=908.57Ft,tesco-ostya-mogyoros-toltelekkel-180-g-2005100429299.jpg,2021-10-21 18:12:50.177771,tesco
Tesco ostya mogyorós töltelékkel 47 g,69,Ft/db,1kg=1468.09Ft,tesco-ostya-mogyoros-toltelekkel-47-g-2004020226935.jpg,2021-10-21 18:12:50.177771,tesco
Tesco panírmorzsa 500 g,159,Ft/db,1kg=318Ft,tesco-panirmorzsa-500-g-2004020273119.png,2021-10-21 18:12:50.178769,tesco
Tesco papír zsebkendõ 2 rétegû 200 db,369,Ft/db,1db=1.85Ft,tesco-papir-zsebkendo-2-retegu-200-db-2004120677295.png,2021-10-21 18:12:50.178769,tesco
Tesco papír zsebkendõ 3 rétegû 10 x 10 db,199,Ft/db,1db=1.99Ft,tesco-papir-zsebkendo-3-retegu-10-x-10-db-2004120679114.png,2021-10-21 18:12:50.179766,tesco
Tesco paprika ízû burgonyachips 77 g,159,Ft/db,1kg=2064.94Ft,tesco-paprika-izu-burgonyachips-77-g-2005100241445.jpg,2021-10-21 18:12:50.179766,tesco
Tesco paprikakrémmel töltött zöld olívabogyó 340 g,335,Ft/db,1kg=1763.16Ft,tesco-paprikakremmel-toltott-zold-olivabogyo-340-g-2005100241317.jpg,2021-10-21 18:12:50.180763,tesco
Tesco paradicsomlé sóval 1 l,249,Ft/db,1l=249Ft,tesco-paradicsomle-soval-1-l-2004010037580.png,2021-10-21 18:12:50.180763,tesco
"Tesco paradicsommal, bazsalikommal, extra kemény sajttal, kesudióval készült pestoszósz 190 g",389,Ft/db,1kg=2047.37Ft,tesco-paradicsommal-bazsalikommal-extra-kemeny-sajttal-kesudioval-keszult-pestoszosz-190-g-2005100241497.jpg,2021-10-21 18:12:50.180763,tesco
Tesco paradicsomos pástétom csirkemájjal 100 g,135,Ft/db,1kg=1350Ft,tesco-paradicsomos-pastetom-csirkemajjal-100-g-2004020201869.png,2021-10-21 18:12:50.181761,tesco
Tesco pástétom csirke- és sertésmájjal 100 g,135,Ft/db,1kg=1350Ft,tesco-pastetom-csirke-es-sertesmajjal-100-g-2004020201862.png,2021-10-21 18:12:50.181761,tesco
Tesco pástétom csirkemájjal 100 g,135,Ft/db,1kg=1350Ft,tesco-pastetom-csirkemajjal-100-g-2004020201859.png,2021-10-21 18:12:50.182758,tesco
Tesco pástétom sertésmájjal 100 g,135,Ft/db,1kg=1350Ft,tesco-pastetom-sertesmajjal-100-g-2004020201865.png,2021-10-21 18:12:50.182758,tesco
Tesco Pet Specialist párnácskák baromfival és sajttal kiegészítõ állateledel felnõtt macskáknak 50 g,179,Ft/db,1kg=3580Ft,tesco-pet-specialist-parnacskak-baromfival-es-sajttal-kiegeszito-allateledel-felnott-macskaknak-50-g-2005100241871.jpg,2021-10-21 18:12:50.183756,tesco
Tesco Pet Specialist Premium teljes értékû eledel felnõtt macskák számára falatok szószban 12 x 85 g,1159,Ft/db,1kg=1136.27Ft,tesco-pet-specialist-premium-teljes-erteku-eledel-felnott-macskak-szamara-falatok-szoszban-12-x-85-g-2005100429429.jpg,2021-10-21 18:12:50.183756,tesco
Tesco Pet Specialist teljes értékû állateledel felnõtt macskák számára csirkével és májjal 100 g,89,Ft/db,1kg=890Ft,tesco-pet-specialist-teljes-erteku-allateledel-felnott-macskak-szamara-csirkevel-es-majjal-100-g-2005100429471.jpg,2021-10-21 18:12:50.184752,tesco
Tesco Pet Specialist teljes értékû állateledel felnõtt macskák számára lazaccal & pisztránggal 100 g,89,Ft/db,1kg=890Ft,tesco-pet-specialist-teljes-erteku-allateledel-felnott-macskak-szamara-lazaccal-pisztranggal-100-g-2005100429474.jpg,2021-10-21 18:12:50.184752,tesco
Tesco Pet Specialist teljes értékû állateledel felnõtt macskák számára lazaccal és tõkehallal 415 g,179,Ft/db,1kg=431.33Ft,tesco-pet-specialist-teljes-erteku-allateledel-felnott-macskak-szamara-lazaccal-es-tokehallal-415-g-2005100429187.jpg,2021-10-21 18:12:50.185750,tesco
Tesco Pet Specialist teljes értékû állateledel felnõtt macskák számára libával és májjal 100 g,89,Ft/db,1kg=890Ft,tesco-pet-specialist-teljes-erteku-allateledel-felnott-macskak-szamara-libaval-es-majjal-100-g-2005100429477.jpg,2021-10-21 18:12:50.185750,tesco
Tesco Pet Specialist teljes értékû állateledel felnõtt macskák számára marhával és baromfival 415 g,179,Ft/db,1kg=431.33Ft,tesco-pet-specialist-teljes-erteku-allateledel-felnott-macskak-szamara-marhaval-es-baromfival-415-g-2005100429183.jpg,2021-10-21 18:12:50.186748,tesco
Tesco Pet Specialist teljes értékû állateledel felnõtt macskák számára marhával és csirkével 100 g,89,Ft/db,1kg=890Ft,tesco-pet-specialist-teljes-erteku-allateledel-felnott-macskak-szamara-marhaval-es-csirkevel-100-g-2005100429473.jpg,2021-10-21 18:12:50.186748,tesco
Tesco Pet Specialist teljes értékû állateledel felnõtt macskák számára marhával és májjal 415 g,179,Ft/db,1kg=431.33Ft,tesco-pet-specialist-teljes-erteku-allateledel-felnott-macskak-szamara-marhaval-es-majjal-415-g-2005100429188.jpg,2021-10-21 18:12:50.187745,tesco
"Tesco Pet Specialist teljes értékû állateledel felnõtt, ivartalanított macskáknak csirkével 415 g",179,Ft/db,1kg=431.33Ft,tesco-pet-specialist-teljes-erteku-allateledel-felnott-ivartalanitott-macskaknak-csirkevel-415-g-2005100429189.jpg,2021-10-21 18:12:50.187745,tesco
"Tesco Pet Specialist teljes értékû eledel felnõtt macskáknak kacsával, csirkével, zöldségekkel 100 g",89,Ft/db,1kg=890Ft,tesco-pet-specialist-teljes-erteku-eledel-felnott-macskaknak-kacsaval-csirkevel-zoldsegekkel-100-g-2005100429470.jpg,2021-10-21 18:12:50.188742,tesco
Tesco piskótatallér,199,Ft/cs,1kg=1327Ft,tesco-piskotataller-2004008447759-1-5k.png,2021-10-21 18:12:50.188742,tesco
Tesco porcukor 500 g,169,Ft/db,1kg=338Ft,tesco-porcukor-500-g-2004020157825.png,2021-10-21 18:12:50.188742,tesco
Tesco póré- és metélõhagymás ömlesztett sajt 8 db 140 g,199,Ft/db,1kg=1421.43Ft,tesco-pore-es-metelohagymas-omlesztett-sajt-8-db-140-g-2004010263095.png,2021-10-21 18:12:50.189739,tesco
"Tesco pörkölt, sós földimogyoró 200 g",259,Ft/db,1kg=1295Ft,tesco-porkolt-sos-foldimogyoro-200-g-2004009681756.png,2021-10-21 18:12:50.189739,tesco
Tesco Portugieser száraz vörösbor 750 ml,529,Ft/db,1l=705.33Ft,tesco-portugieser-szaraz-vorosbor-750-ml-2004120682991.jpg,2021-10-21 18:12:50.190737,tesco
Tesco prágai minõségi sonka 100 g,389,Ft/db,1kg=3890Ft,tesco-pragai-minosegi-sonka-100-g-2004020023605.png,2021-10-21 18:12:50.190737,tesco
Tesco Pro Formula Aloe Vera sampon 400 ml,305,Ft/db,1l=762.5Ft,tesco-pro-formula-aloe-vera-sampon-400-ml-2005107441112.png,2021-10-21 18:12:50.191734,tesco
Tesco Pro Formula Anti-Dandruff Citrus sampon 400 ml,369,Ft/db,1l=922.5Ft,tesco-pro-formula-anti-dandruff-citrus-sampon-400-ml-2005107268474.png,2021-10-21 18:12:50.192731,tesco
Tesco Pro Formula Anti-Dandruff Classic sampon normál hajra 400 ml,369,Ft/db,1l=922.5Ft,tesco-pro-formula-anti-dandruff-classic-sampon-normal-hajra-400-ml-2005107267972.png,2021-10-21 18:12:50.192731,tesco
Tesco Pro Formula Apple & Mint tusfürdõ 400 ml,319,Ft/db,1l=797.5Ft,tesco-pro-formula-apple-mint-tusfurdo-400-ml-2005107272662.png,2021-10-21 18:12:50.193728,tesco
Tesco Pro Formula Aromatherapy Energizing habfürdõ 750 ml,375,Ft/db,1l=500Ft,tesco-pro-formula-aromatherapy-energizing-habfurdo-750-ml-2005107279258.jpg,2021-10-21 18:12:50.193728,tesco
Tesco Pro Formula Aromatherapy Milk & Honey habfürdõ 750 ml,375,Ft/db,1l=500Ft,tesco-pro-formula-aromatherapy-milk-honey-habfurdo-750-ml-2005107277506.png,2021-10-21 18:12:50.193728,tesco
Tesco Pro Formula Colour Protect sampon 400 ml,399,Ft/db,1l=997.5Ft,tesco-pro-formula-colour-protect-sampon-400-ml-2005107265343.png,2021-10-21 18:12:50.194726,tesco
Tesco Pro Formula Cranberry sampon 400 ml,305,Ft/db,1l=762.5Ft,tesco-pro-formula-cranberry-sampon-400-ml-2005107441105.jpg,2021-10-21 18:12:50.194726,tesco
Tesco Pro Formula For Men Active Life tusfürdõ & sampon 400 ml,319,Ft/db,1l=797.5Ft,tesco-pro-formula-for-men-active-life-tusfurdo-sampon-400-ml-2005107264513.png,2021-10-21 18:12:50.195723,tesco
Tesco Pro Formula For Men Lime sampon férfiaknak 400 ml,305,Ft/db,1l=762.5Ft,tesco-pro-formula-for-men-lime-sampon-ferfiaknak-400-ml-2005107275427.png,2021-10-21 18:12:50.195723,tesco
Tesco Pro Formula For Men Pure Energy tusfürdõ & sampon 400 ml,319,Ft/db,1l=797.5Ft,tesco-pro-formula-for-men-pure-energy-tusfurdo-sampon-400-ml-2005107264865.png,2021-10-21 18:12:50.196721,tesco
Tesco Pro Formula For Men Reconstructing sampon férfiaknak 400 ml,399,Ft/db,1l=997.5Ft,tesco-pro-formula-for-men-reconstructing-sampon-ferfiaknak-400-ml-2005107267408.png,2021-10-21 18:12:50.196721,tesco
Tesco Pro Formula Fresia & Wild Rose tusfürdõ 400 ml,319,Ft/db,1l=797.5Ft,tesco-pro-formula-fresia-wild-rose-tusfurdo-400-ml-2005107274116.png,2021-10-21 18:12:50.197718,tesco
Tesco Pro Formula Glossy & Shine hajlakk 250 ml,345,Ft/db,1l=1380Ft,tesco-pro-formula-glossy-shine-hajlakk-250-ml-2005107286058.jpg,2021-10-21 18:12:50.197718,tesco
Tesco Pro Formula Kids Kalóz/Sellõ fogkefe 6 éves kortól,299,Ft/db,1db=299Ft,tesco-pro-formula-kids-kaloz-sello-fogkefe-6-eves-kortol-2005107365272.png,2021-10-21 18:12:50.198715,tesco
Tesco Pro Formula Maracuja & Guarana tusfürdõ 400 ml,319,Ft/db,1l=797.5Ft,tesco-pro-formula-maracuja-guarana-tusfurdo-400-ml-2005107272853.png,2021-10-21 18:12:50.198715,tesco
Tesco Pro Formula Maxi Aloe Vera and Camomile tisztasági betét mindennapi használatra 30 db,355,Ft/db,1db=11.83Ft,tesco-pro-formula-maxi-aloe-vera-and-camomile-tisztasagi-betet-mindennapi-hasznalatra-30-db-2005100508437.jpg,2021-10-21 18:12:50.199713,tesco
Tesco Pro Formula Normal tisztasági betét mindennapi használatra 30 db,355,Ft/db,1db=11.83Ft,tesco-pro-formula-normal-tisztasagi-betet-mindennapi-hasznalatra-30-db-2005100508436.jpg,2021-10-21 18:12:50.199713,tesco
Tesco Pro Formula Ultra Strong hajlakk 250 ml,345,Ft/db,1l=1380Ft,tesco-pro-formula-ultra-strong-hajlakk-250-ml-2005107286249.jpg,2021-10-21 18:12:50.200710,tesco
Tesco Pro Formula vattakorong 120 db,239,Ft/db,1db=1.99Ft,tesco-pro-formula-vattakorong-120-db-2005107276530.png,2021-10-21 18:12:50.200710,tesco
Tesco Pro Formula Volume Effect hajlakk 250 ml,345,Ft/db,1l=1380Ft,tesco-pro-formula-volume-effect-hajlakk-250-ml-2005107286225.jpg,2021-10-21 18:12:50.200710,tesco
Tesco sajtízû kukoricasnack 125 g,155,Ft/db,1kg=1240Ft,tesco-sajtizu-kukoricasnack-125-g-2004020201011.png,2021-10-21 18:12:50.201708,tesco
Tesco sajtos virsli csirkehúsból 10 db 350 g,620,Ft/db,1kg=1771.43Ft,tesco-sajtos-virsli-csirkehusbol-10-db-350-g-2004007902020.jpg,2021-10-21 18:12:50.201708,tesco
Tesco sárgabarack extradzsem 260 g,345,Ft/db,1kg=1326.92Ft,tesco-sargabarack-extradzsem-260-g-2005100501293.png,2021-10-21 18:12:50.202705,tesco
Tesco sertés gulyáshús lapockából 500 g,829,Ft/db,1kg=1658Ft,tesco-sertes-gulyashus-lapockabol-500-g-2004009747537.png,2021-10-21 18:12:50.202705,tesco
Tesco sertés-marha darálthús 500 g,939,Ft/db,1kg=1878Ft,tesco-sertes-marha-daralthus-500-g-2004120658825.png,2021-10-21 18:12:50.203702,tesco
Tesco Soft & Fresh Lavender textilöblítõ koncentrátum 66 mosás 2 l,599,Ft/db,1l=299.5Ft,tesco-soft-fresh-lavender-textiloblito-koncentratum-66-mosas-2-l-2004010585890.png,2021-10-21 18:12:50.203702,tesco
Tesco Soft & Fresh Sky Fantasy textilöblítõ koncentrátum 66 mosás 2 l,599,Ft/db,1l=299.5Ft,tesco-soft-fresh-sky-fantasy-textiloblito-koncentratum-66-mosas-2-l-2004010585913.png,2021-10-21 18:12:50.204699,tesco
Tesco Soft & Fresh Sunny Touch textilöblítõ koncentrátum 66 mosás 2 l,599,Ft/db,1l=299.5Ft,tesco-soft-fresh-sunny-touch-textiloblito-koncentratum-66-mosas-2-l-2004010585920.png,2021-10-21 18:12:50.204699,tesco
Tesco Soft Luxury toalett papír 3 rétegû 8 tekercs,749,Ft/db,1db=93.63Ft,tesco-soft-luxury-toalett-papir-3-retegu-8-tekercs-2004020148255.jpg,2021-10-21 18:12:50.205697,tesco
Tesco sonkás ömlesztett sajt 8 db 140 g,199,Ft/db,1kg=1421.43Ft,tesco-sonkas-omlesztett-sajt-8-db-140-g-2004120350318.png,2021-10-21 18:12:50.205697,tesco
Tesco sós burgonyachips 77 g,159,Ft/db,1kg=2064.94Ft,tesco-sos-burgonyachips-77-g-2004009848937.jpg,2021-10-21 18:12:50.205697,tesco
Tesco sós karamell ízû jégkrém sós karamell ízû szósszal és karamelldarabokkal 900 ml,809,Ft/db,1l=898.89Ft,tesco-sos-karamell-izu-jegkrem-sos-karamell-izu-szosszal-es-karamelldarabokkal-900-ml-2005100567669.jpg,2021-10-21 18:12:50.206694,tesco
Tesco sós kisperec 425 g,649,Ft/db,1kg=1527.06Ft,tesco-sos-kisperec-425-g-2004009806630.png,2021-10-21 18:12:50.206694,tesco
Tesco sós pálcika 425 g,649,Ft/db,1kg=1527.06Ft,tesco-sos-palcika-425-g-2004009806623.png,2021-10-21 18:12:50.207691,tesco
Tesco sütõmargarin 250 g,159,Ft/db,1kg=636Ft,tesco-sutomargarin-250-g-2004020181408.png,2021-10-21 18:12:50.207691,tesco
Tesco sütõpor 12 g,10,Ft/db,1kg=833.33Ft,tesco-sutopor-12-g-2005100501402.jpg,2021-10-21 18:12:50.208688,tesco
Tesco szeletelt bacon szalonna 2 x 100 g (200 g),579,Ft/db,1kg=2895Ft,tesco-szeletelt-bacon-szalonna-2-x-100-g-200-g-2004009881415.png,2021-10-21 18:12:50.208688,tesco
Tesco szeletelt csemege vastagkolbász 70 g,225,Ft/db,1kg=3214.29Ft,tesco-szeletelt-csemege-vastagkolbasz-70-g-2004020277703.png,2021-10-21 18:12:50.209686,tesco
Tesco szeletelt csirkemell sonka 100 g,229,Ft/db,1kg=2290Ft,tesco-szeletelt-csirkemell-sonka-100-g-2004010344886.png,2021-10-21 18:12:50.209686,tesco
Tesco szeletelt fõtt sonka 100 g,379,Ft/db,1kg=3790Ft,tesco-szeletelt-fott-sonka-100-g-2004020023602.jpg,2021-10-21 18:12:50.210684,tesco
Tesco szeletelt marha lábszár csont nélkül,2999,Ft/db,1kg=2999Ft,tesco-szeletelt-marha-labszar-csont-nelkul-2004009747568.png,2021-10-21 18:12:50.210684,tesco
Tesco szeletelt párizsi csirkehúsból 100 g,95,Ft/db,1kg=950Ft,tesco-szeletelt-parizsi-csirkehusbol-100-g-2004020316034.jpg,2021-10-21 18:12:50.210684,tesco
Tesco szeletelt pulykamell sonka 100 g,229,Ft/db,1kg=2290Ft,tesco-szeletelt-pulykamell-sonka-100-g-2004010344879.png,2021-10-21 18:12:50.211681,tesco
Tesco szeletelt sertés karaj csont nélkül 360 g,809,Ft/db,1kg=2247.22Ft,tesco-szeletelt-sertes-karaj-csont-nelkul-360-g-2004009747667.png,2021-10-21 18:12:50.211681,tesco
Tesco szeletelt sertés karaj csont nélkül 720 g,1449,Ft/db,1kg=2012.5Ft,tesco-szeletelt-sertes-karaj-csont-nelkul-720-g-2004010437137.png,2021-10-21 18:12:50.212678,tesco
Tesco szeletelt sertés tarja csont nélkül 400 g,769,Ft/db,1kg=1922.5Ft,tesco-szeletelt-sertes-tarja-csont-nelkul-400-g-2004010437113.png,2021-10-21 18:12:50.212678,tesco
Tesco szeletelt sertéscomb sonka 100 g,379,Ft/db,1kg=3790Ft,tesco-szeletelt-sertescomb-sonka-100-g-2004020023603.jpg,2021-10-21 18:12:50.213675,tesco
Tesco szeletelt sertéstarja,1319,Ft/cs,1kg=1649Ft,tesco-szeletelt-sertestarja-2004010437120-1-5k.png,2021-10-21 18:12:50.213675,tesco
"Tesco szeletelt, zsíros, félkemény, füstölt ízû trappista sajt 125 g",299,Ft/db,1kg=2392Ft,tesco-szeletelt-zsiros-felkemeny-fustolt-izu-trappista-sajt-125-g-2004010085277.png,2021-10-21 18:12:50.214673,tesco
"Tesco szeletelt, zsírszegény, félkemény trappista sajt 125 g",299,Ft/db,1kg=2392Ft,tesco-szeletelt-zsirszegeny-felkemeny-trappista-sajt-125-g-2004120163079.png,2021-10-21 18:12:50.214673,tesco
Tesco szemeteszsák zárószalaggal 60 l 10 db,229,Ft/db,1db=22.9Ft,tesco-szemeteszsak-zaroszalaggal-60-l-10-db-2005100501266.png,2021-10-21 18:12:50.215670,tesco
Tesco szénsavas trópusi gyümölcs ízû energiaital cukorral és édesítõszerrel 250 ml,109,Ft/db,1l=436Ft,tesco-szensavas-tropusi-gyumolcs-izu-energiaital-cukorral-es-edesitoszerrel-250-ml-2004020181863.png,2021-10-21 18:12:50.216031,tesco
Tesco tejcsokoládé 100 g,219,Ft/db,1kg=2190Ft,tesco-tejcsokolade-100-g-2005100429245.png,2021-10-21 18:12:50.216031,tesco
Tesco tejcsokoládé egész mogyoróval 100 g,329,Ft/db,1kg=3290Ft,tesco-tejcsokolade-egesz-mogyoroval-100-g-2005100429258.png,2021-10-21 18:12:50.216031,tesco
Tesco tejcsokoládé mogyoróval 100 g,219,Ft/db,1kg=2190Ft,tesco-tejcsokolade-mogyoroval-100-g-2005100429246.png,2021-10-21 18:12:50.216031,tesco
Tesco tejcsokoládéba mártott karamellás földimogyorós és nugátos szelet 50 g,99,Ft/db,1kg=1980Ft,tesco-tejcsokoladeba-martott-karamellas-foldimogyoros-es-nugatos-szelet-50-g-2005100429334.png,2021-10-21 18:12:50.216031,tesco
Tesco tejcsokoládéval bevont puszedli 500 g,599,Ft/db,1kg=1198Ft,tesco-tejcsokoladeval-bevont-puszedli-500-g-2005100429291.png,2021-10-21 18:12:50.216031,tesco
Tesco téli szélvédõmosó folyadék,1199,Ft/db,1l=300Ft,tesco-teli-szelvedomoso-folyadek-2004020167455-1-5k.png,2021-10-21 18:12:50.216031,tesco
Tesco teljes kiõrlésû búzaliszt 1 kg,219,Ft/db,1kg=219Ft,tesco-teljes-kiorlesu-buzaliszt-1-kg-2004020161233.png,2021-10-21 18:12:50.216031,tesco
Tesco textil sebtapasz 10 cm x 6 cm 10 db,149,Ft/db,1db=14.9Ft,tesco-textil-sebtapasz-10-cm-x-6-cm-10-db-2005100268017.jpg,2021-10-21 18:12:50.216031,tesco
Tesco tonhal darabok növényi olajban és sós lében 185 g,465,Ft/db,1kg=3576.92Ft,tesco-tonhal-darabok-novenyi-olajban-es-sos-leben-185-g-2005100397074.png,2021-10-21 18:12:50.216031,tesco
Tesco tyúkhúsleves-kocka 12 db 120 g,275,Ft/db,1kg=2291.67Ft,tesco-tyukhusleves-kocka-12-db-120-g-2005100414560.jpg,2021-10-21 18:12:50.216031,tesco
Tesco UHT fõzõtejszín 20% 500 ml,539,Ft/db,1l=1078Ft,tesco-uht-fozotejszin-20-500-ml-2004010134173.png,2021-10-21 18:12:50.216031,tesco
Tesco UHT szójaital 1 l,399,Ft/db,1l=399Ft,tesco-uht-szojaital-1-l-2005100262329.png,2021-10-21 18:12:50.216031,tesco
Tesco vaj 100 g,289,Ft/db,1kg=2890Ft,tesco-vaj-100-g-2004010437458.png,2021-10-21 18:12:50.216031,tesco
Tesco vajas toast kenyér 500 g,299,Ft/db,1kg=598Ft,tesco-vajas-toast-kenyer-500-g-2004120453312.png,2021-10-21 18:12:50.216031,tesco
Tesco vanília jégkrém fehér csokoládé bevonattal 120 ml,199,Ft/db,1l=1658.33Ft,tesco-vanilia-jegkrem-feher-csokolade-bevonattal-120-ml-2005100478195.jpg,2021-10-21 18:12:50.216031,tesco
Tesco Vanília lap illatosító,249,Ft/db,1db=249Ft,tesco-vanilia-lap-illatosito-2005118287877.png,2021-10-21 18:12:50.216031,tesco
Tesco vaníliaízû krémmel töltött ostya 225 g,305,Ft/db,1kg=1355.56Ft,tesco-vaniliaizu-kremmel-toltott-ostya-225-g-2005100605050.jpg,2021-10-21 18:12:50.216031,tesco
Tesco vaníliás jégkrém tejcsokoládés bevonattal 120 ml,199,Ft/db,1l=1658.33Ft,tesco-vanilias-jegkrem-tejcsokolades-bevonattal-120-ml-2005100477860.jpg,2021-10-21 18:12:50.216031,tesco
Tesco virsli csirkehúsból 10 db 350 g,620,Ft/db,1kg=1771.43Ft,tesco-virsli-csirkehusbol-10-db-350-g-2004007902006.jpg,2021-10-21 18:12:50.216031,tesco
Tesco Vollkorn toast teljes kiõrlésû búzaliszttel 500 g,299,Ft/db,1kg=598Ft,tesco-vollkorn-toast-teljes-kiorlesu-buzaliszttel-500-g-2004010030130.png,2021-10-21 18:12:50.216031,tesco
"Tesco Zafír szén-dioxiddal enyhén dúsított természetes ásványvíz 1,5 l",69,Ft/db,1l=46Ft,tesco-zafir-szen-dioxiddal-enyhen-dusitott-termeszetes-asvanyviz-1-5-l-2004020216780.png,2021-10-21 18:12:50.216031,tesco
Tesco zöld étkezési lencse 500 g,309,Ft/db,1kg=618Ft,tesco-zold-etkezesi-lencse-500-g-2005100547234.jpg,2021-10-21 18:12:50.216031,tesco
Tesco zöldhagyma ízû burgonyachips 77 g,159,Ft/db,1kg=2064.94Ft,tesco-zoldhagyma-izu-burgonyachips-77-g-2005100242335.png,2021-10-21 18:12:50.216031,tesco
Tesco zöldségleves-kocka 12 db 120 g,275,Ft/db,1kg=2291.67Ft,tesco-zoldsegleves-kocka-12-db-120-g-2005100414562.jpg,2021-10-21 18:12:50.216031,tesco
"Tesco zsíros, félkemény, felezett trappista sajt 700 g",1349,Ft/db,1kg=1927.14Ft,tesco-zsiros-felkemeny-felezett-trappista-sajt-700-g-2004010616075.jpg,2021-10-21 18:12:50.216031,tesco
Tesco zsírszegény áfonyás joghurt 150 g,135,Ft/db,1kg=900Ft,tesco-zsirszegeny-afonyas-joghurt-150-g-2004120394306.png,2021-10-21 18:12:50.216031,tesco
Tesco zsírszegény epres joghurt 150 g,135,Ft/db,1kg=900Ft,tesco-zsirszegeny-epres-joghurt-150-g-2004120394289.png,2021-10-21 18:12:50.216031,tesco
Tesco zsírszegény erdei gyümölcsös joghurt 150 g,135,Ft/db,1kg=900Ft,tesco-zsirszegeny-erdei-gyumolcsos-joghurt-150-g-2004120394295.png,2021-10-21 18:12:50.216031,tesco
Tesco zsírszegény kakaópor 200 g,479,Ft/db,1kg=2395Ft,tesco-zsirszegeny-kakaopor-200-g-2005100241989.png,2021-10-21 18:12:50.216031,tesco
Tesco zsírszegény sült alma ízû joghurt 150 g,135,Ft/db,1kg=900Ft,tesco-zsirszegeny-sult-alma-izu-joghurt-150-g-2004120394266.png,2021-10-21 18:12:50.216031,tesco
Tesco Zweigelt félédes vörösbor 750 ml,499,Ft/db,1l=665.33Ft,tesco-zweigelt-feledes-vorosbor-750-ml-2004120815985.jpg,2021-10-21 18:12:50.216031,tesco
Thalia Pella kandalló,69990,Ft,magasság×szélességxmélység,thalia-pella-kandallo-2004020300911-1-5k.png,2021-10-21 18:12:50.216031,tesco
The Grower's Harvest gyorsfagyasztott zöldségkeverék 750 g,349,Ft/db,1kg=465.33Ft,the-grower-s-harvest-gyorsfagyasztott-zoldsegkeverek-750-g-2005100579715.png,2021-10-21 18:12:50.216031,tesco
Tihany válogatás ínyenc Camembert sajt,439,Ft/cs,1kg=3512Ft,tihany-valogatas-inyenc-camembert-sajt-2004003198182-2-5k.png,2021-10-21 18:12:50.231693,tesco
"Tokaji Furmint félédes fehérbor 10,5% 750 ml",499,Ft/db,1l=665.33Ft,tokaji-furmint-feledes-feherbor-10-5-750-ml-2004010417320.jpg,2021-10-21 18:12:50.231693,tesco
Törley pezsgõ,979,Ft/db,,,2021-10-21 18:12:50.232685,tesco
Törpés ágynemûhuzat-garnitúra,5249,Ft/szett,,torpes-agynemuhuzat-garnitura-2005100602356-1-5k.png,2021-10-21 18:12:50.233723,tesco
Törpés díszpárna,2989,Ft,,torpes-diszparna-2005100602927-1-5k.png,2021-10-21 18:12:50.233723,tesco
Túrós táska,79,Ft/db,,,2021-10-21 18:12:50.234680,tesco
Tûzoltóautó,6999,Ft,,l-s-tuzoltoauto-2005100378746-1-5k.png,2021-10-21 18:12:50.234680,tesco
Twist tonhal multipack,1699,Ft/cs,1kg=8168Ft,twist-tonhal-oliva-olajban-3-1x80-52-2004010844386-1-5k.png,2021-10-21 18:12:50.235717,tesco
Üveg temetõi mécses,749,Ft,,uveg-temetoi-mecses-2005100392159-1-5k.png,2021-10-21 18:12:50.235717,tesco
Vanessa Peach toalettpapír,1249,Ft/cs,1db=52.04Ft,vanessa-peach-toalettpapir-2004120193878-1-5k.png,2021-10-21 18:12:50.236715,tesco
Varta Longlife elem,629,Ft/cs,1db=224.75Ft,varta-longlife-elem-2004010778032-1-5k.png,2021-10-21 18:12:50.236715,tesco
Veet nõi szõrtelenítõkrém,1249,Ft,1l=13640Ft,veet-hideggyanta-szalagokra-es-szortelenito-kremekre-2004006004145-1-5k.png,2021-10-21 18:12:50.237716,tesco
Vénusz napraforgó-étolaj,3299,Ft,1l=660Ft,venusz-napraforgo-etolaj-2004002959210-1-5k.png,2021-10-21 18:12:50.237716,tesco
Világító LED-lufik,639,Ft/cs,,vilagito-led-lufik-2005100611696-1-5k.png,2021-10-21 18:12:50.238709,tesco
Villa Loren Prosecco,1999,Ft,1l=2665Ft,villa-loren-prosecco-0-75l-2004020321360-1-5k.png,2021-10-21 18:12:50.238709,tesco
Vineyards World Wines Chardonnay száraz fehérbor 12% 750 ml,699,Ft/db,1l=932Ft,vineyards-world-wines-chardonnay-szaraz-feherbor-12-750-ml-2005100268267.png,2021-10-21 18:12:50.239708,tesco
Vineyards World Wines Shiraz száraz vörösbor 13% 750 ml,699,Ft/db,1l=932Ft,vineyards-world-wines-shiraz-szaraz-vorosbor-13-750-ml-2005100268022.jpg,2021-10-21 18:12:50.239708,tesco
Virágméz 850 g,2459,Ft/db,1kg=2892.94Ft,viragmez-850-g-2004010711770.png,2021-10-21 18:12:50.240704,tesco
Vöröshagyma,169,Ft/kg,,voroshagyma-2004006481922-1-5k.png,2021-10-21 18:12:50.240704,tesco
Whiskas alutasakos macskaeledel multipack,1099,Ft/cs,1kg=916Ft,whiskas-alutasakos-macskaeledel-multipack-2004010797705-1-5k.png,2021-10-21 18:12:50.241706,tesco
Wonder Pony Land Delux készlet,4499,Ft/szett,,wonder-pony-land-delux-keszlet-2005118688797-1-5k.png,2021-10-21 18:12:50.242659,tesco
X-Shot Combo Hawk Eye játék fegyver,4199,Ft/szett,,szamos-x-shot-jatekra-2005100323557-1-5k.png,2021-10-21 18:12:50.242659,tesco
X-Shot Ultimate fegyverkészlet,6899,Ft/szett,,x-shot-ultimate-fegyverkeszlet-2005100496888-1-5k.png,2021-10-21 18:12:50.243697,tesco
Zagyvaparti parasztkolbász,279,Ft/10dkg,1kg=2790Ft,zagyvaparti-parasztkolbasz-2004009962718-1-5k.png,2021-10-21 18:12:50.243697,tesco
Zewa Deluxe toalettpapír,1499,Ft/cs,1db=131Ft,zewa-deluxe-toalettpapir-2004009261897-1-5k.png,2021-10-21 18:12:50.244698,tesco
Zott Belriso tejberizs,149,Ft,1kg=1075Ft,zott-belriso-tejberizs-2004020290555-1-5k.png,2021-10-21 18:12:50.244698,tesco
Zott Jogobella Classic joghurt,109,Ft/db,,,2021-10-21 18:12:50.245693,tesco
Zsemle 55 g,26,Ft/db,1kg=472.73Ft,zsemle-55-g-2004008607771.png,2021-10-21 18:12:50.245693,tesco
Zuru Robo Alive T-Rex dinós játék,5299,Ft/szett,,zuru-robo-alive-t-rex-dinos-jatek-2005100603233-1-5k.png,2021-10-21 18:12:50.246690,tesco
